url,line
https://www.traveltowns.jp/railwaylines/jreast-joetsu/,JR上越線
https://www.traveltowns.jp/railwaylines/jreast-ueno-tokyo-line/,JR上野東京ライン
https://www.traveltowns.jp/railwaylines/jreast-ryomo/,JR両毛線
https://www.traveltowns.jp/railwaylines/jreast-chuosobukanko/,JR中央・総武線各駅停車
https://www.traveltowns.jp/railwaylines/jreast-chuohonsen/,JR中央本線
https://www.traveltowns.jp/railwaylines/jreast-chuo/,JR中央線
https://www.traveltowns.jp/railwaylines/jreast-kururi/,JR久留里線
https://www.traveltowns.jp/railwaylines/jreast-itsukaichi/,JR五日市線
https://www.traveltowns.jp/railwaylines/jreast-keihintohoku/,JR京浜東北線
https://www.traveltowns.jp/railwaylines/jreast-keiyo/,JR京葉線
https://www.traveltowns.jp/railwaylines/jreast-shinetsuhonsengunma/,JR信越本線（群馬県）
https://www.traveltowns.jp/railwaylines/jreast-hachiko/,JR八高線
https://www.traveltowns.jp/railwaylines/jreast-uchibo/,JR内房線
https://www.traveltowns.jp/railwaylines/jreast-nambu/,JR南武線
https://www.traveltowns.jp/railwaylines/jreast-saikyo/,JR埼京線
https://www.traveltowns.jp/railwaylines/jreast-sotobo/,JR外房線
https://www.traveltowns.jp/railwaylines/jreast-utsunomiya/,JR宇都宮線
https://www.traveltowns.jp/railwaylines/jreast-yamanote/,JR山手線
https://www.traveltowns.jp/railwaylines/jreast-kawagoe/,JR川越線
https://www.traveltowns.jp/railwaylines/jreast-joban/,JR常磐線
https://www.traveltowns.jp/railwaylines/jreast-jobansenkakuekiteisha/,JR常磐線各駅停車
https://www.traveltowns.jp/railwaylines/jrcentral-gotemba/,JR御殿場線
https://www.traveltowns.jp/railwaylines/jreast-narita/,JR成田線
https://www.traveltowns.jp/railwaylines/jreast-nikko/,JR日光線
https://www.traveltowns.jp/railwaylines/jreast-tokaido/,JR東海道線
https://www.traveltowns.jp/railwaylines/jreast-togane/,JR東金線
https://www.traveltowns.jp/railwaylines/jreast-negishi/,JR根岸線
https://www.traveltowns.jp/railwaylines/jreast-yokohama/,JR横浜線
https://www.traveltowns.jp/railwaylines/jreast-yokosuka/,JR横須賀線
https://www.traveltowns.jp/railwaylines/jreast-musashino/,JR武蔵野線
https://www.traveltowns.jp/railwaylines/jreast-mito/,JR水戸線
https://www.traveltowns.jp/railwaylines/jreast-shonanshinjukuutsunomiyayokosuka/,JR湘南新宿ライン（宇都宮線・横須賀線）
https://www.traveltowns.jp/railwaylines/jreast-shonanshinjukutakasakitokaido/,JR湘南新宿ライン（高崎線・東海道線）
https://www.traveltowns.jp/railwaylines/jreast-karasuyama/,JR烏山線
https://www.traveltowns.jp/railwaylines/jreast-sagami/,JR相模線
https://www.traveltowns.jp/railwaylines/jreast-sobuhonsen/,JR総武本線
https://www.traveltowns.jp/railwaylines/jreast-sobukaisoku/,JR総武線快速
https://www.traveltowns.jp/railwaylines/jreast-ome/,JR青梅線
https://www.traveltowns.jp/railwaylines/jreast-takasaki/,JR高崎線
https://www.traveltowns.jp/railwaylines/jreast-tsurumi/,JR鶴見線
https://www.traveltowns.jp/railwaylines/jreast-kashima/,JR鹿島線
https://www.traveltowns.jp/railwaylines/tsukuba-express/,つくばエクスプレス
https://www.traveltowns.jp/railwaylines/twr-rinkai/,りんかい線
https://www.traveltowns.jp/railwaylines/disney-resort-line/,ディズニーリゾートライン
https://www.traveltowns.jp/railwaylines/keikyu-kurihama/,京急久里浜線
https://www.traveltowns.jp/railwaylines/keikyu-daishi/,京急大師線
https://www.traveltowns.jp/railwaylines/keikyu-keikyuhonsen/,京急本線
https://www.traveltowns.jp/railwaylines/keikyu-airport/,京急空港線
https://www.traveltowns.jp/railwaylines/keikyu-zushi/,京急逗子線
https://www.traveltowns.jp/railwaylines/keisei-chihara/,京成千原線
https://www.traveltowns.jp/railwaylines/keisei-chiba/,京成千葉線
https://www.traveltowns.jp/railwaylines/keisei-naritaairport/,京成成田空港線
https://www.traveltowns.jp/railwaylines/keisei-oshiage/,京成押上線
https://www.traveltowns.jp/railwaylines/keisei-honsen/,京成本線
https://www.traveltowns.jp/railwaylines/keisei-higashinarita/,京成東成田線
https://www.traveltowns.jp/railwaylines/keisei-kanamachi/,京成金町線
https://www.traveltowns.jp/railwaylines/keio-inokashira/,京王井の頭線
https://www.traveltowns.jp/railwaylines/keio-dobutsuen/,京王動物園線
https://www.traveltowns.jp/railwaylines/keio-sagamihara/,京王相模原線
https://www.traveltowns.jp/railwaylines/keio-keibajo/,京王競馬場線
https://www.traveltowns.jp/railwaylines/keio-keio/,京王線
https://www.traveltowns.jp/railwaylines/keio-takao/,京王高尾線
https://www.traveltowns.jp/railwaylines/hokuso-hokuso/,北総鉄道北総線
https://www.traveltowns.jp/railwaylines/chibamonorail-track1/,千葉モノレール1号線
https://www.traveltowns.jp/railwaylines/tamamonorail-tamamonorail/,多摩モノレール
https://www.traveltowns.jp/railwaylines/odakyu-tama/,小田急多摩線
https://www.traveltowns.jp/railwaylines/odakyu-odawara/,小田急小田原線
https://www.traveltowns.jp/railwaylines/odakyu-enoshima/,小田急江ノ島線
https://www.traveltowns.jp/railwaylines/shinkeisei-shinkeisei/,新京成線
https://www.traveltowns.jp/railwaylines/toei-nipporitoneriliner/,日暮里・舎人ライナー
https://www.traveltowns.jp/railwaylines/tokyomonorail-hanedaairport/,東京モノレール
https://www.traveltowns.jp/railwaylines/tokyu-kodomonokuni/,東急こどもの国線
https://www.traveltowns.jp/railwaylines/tokyu-setagaya/,東急世田谷線
https://www.traveltowns.jp/railwaylines/tokyu-tamagawa/,東急多摩川線
https://www.traveltowns.jp/railwaylines/tokyu-oimachi/,東急大井町線
https://www.traveltowns.jp/railwaylines/tokyu-shinyokohama/,東急新横浜線
https://www.traveltowns.jp/railwaylines/tokyu-toyoko/,東急東横線
https://www.traveltowns.jp/railwaylines/tokyu-ikegami/,東急池上線
https://www.traveltowns.jp/railwaylines/tokyu-denentoshi/,東急田園都市線
https://www.traveltowns.jp/railwaylines/tokyu-meguro/,東急目黒線
https://www.traveltowns.jp/railwaylines/tobu-kameido/,東武亀戸線
https://www.traveltowns.jp/railwaylines/tobu-isesaki/,東武伊勢崎線
https://www.traveltowns.jp/railwaylines/tobu-sano/,東武佐野線
https://www.traveltowns.jp/railwaylines/tobu-daishi/,東武大師線
https://www.traveltowns.jp/railwaylines/tobu-utsunomiya/,東武宇都宮線
https://www.traveltowns.jp/railwaylines/tobu-koizumi/,東武小泉線
https://www.traveltowns.jp/railwaylines/tobu-nikko/,東武日光線
https://www.traveltowns.jp/railwaylines/tobu-tojo/,東武東上線
https://www.traveltowns.jp/railwaylines/tobu-kiryu/,東武桐生線
https://www.traveltowns.jp/railwaylines/tobu-ogose/,東武越生線
https://www.traveltowns.jp/railwaylines/tobu-noda/,東武野田線
https://www.traveltowns.jp/railwaylines/tobu-kinugawa/,東武鬼怒川線
https://www.traveltowns.jp/railwaylines/toyorapidrailway-toyokosoku/,東葉高速線
https://www.traveltowns.jp/railwaylines/shonanmonorail-shonanmonorail/,湘南モノレール
https://www.traveltowns.jp/railwaylines/sotetsu-izumino/,相鉄いずみ野線
https://www.traveltowns.jp/railwaylines/sotetsu-jreast-link-line/,相鉄・JR直通線
https://www.traveltowns.jp/railwaylines/sotetsu-shinyokohama/,相鉄新横浜線
https://www.traveltowns.jp/railwaylines/sotetsu-honsen/,相鉄本線
https://www.traveltowns.jp/railwaylines/shibayamarailway/,芝山鉄道
https://www.traveltowns.jp/railwaylines/seibu-kokubunji/,西武国分寺線
https://www.traveltowns.jp/railwaylines/seibu-tamagawa/,西武多摩川線
https://www.traveltowns.jp/railwaylines/seibu-tamako/,西武多摩湖線
https://www.traveltowns.jp/railwaylines/seibu-yamaguchi/,西武山口線
https://www.traveltowns.jp/railwaylines/seibu-haijima/,西武拝島線
https://www.traveltowns.jp/railwaylines/seibu-shinjuku/,西武新宿線
https://www.traveltowns.jp/railwaylines/seibu-yurakucho/,西武有楽町線
https://www.traveltowns.jp/railwaylines/seibu-ikebukuro/,西武池袋線
https://www.traveltowns.jp/railwaylines/seibu-sayama/,西武狭山線
https://www.traveltowns.jp/railwaylines/seibu-chichibu/,西武秩父線
https://www.traveltowns.jp/railwaylines/seibu-seibuen/,西武西武園線
https://www.traveltowns.jp/railwaylines/seibu-toshima/,西武豊島線
https://www.traveltowns.jp/railwaylines/toden-arakawa/,都電荒川線
https://www.traveltowns.jp/railwaylines/yokohamaseasideline-kanazawaseasideline/,金沢シーサイドライン
https://www.traveltowns.jp/railwaylines/yokohamaminatomirai-minatomirai/,みなとみらい線
https://www.traveltowns.jp/railwaylines/saitama-rapidrailway/,埼玉高速鉄道線
https://www.traveltowns.jp/railwaylines/tokyometro-marunouchi/,東京メトロ丸ノ内線
https://www.traveltowns.jp/railwaylines/tokyometro-fukutoshin/,東京メトロ副都心線
https://www.traveltowns.jp/railwaylines/tokyometro-chiyoda/,東京メトロ千代田線
https://www.traveltowns.jp/railwaylines/tokyometro-hanzomon/,東京メトロ半蔵門線
https://www.traveltowns.jp/railwaylines/tokyometro-nanboku/,東京メトロ南北線
https://www.traveltowns.jp/railwaylines/tokyometro-hibiya/,東京メトロ日比谷線
https://www.traveltowns.jp/railwaylines/tokyometro-yurakucho/,東京メトロ有楽町線
https://www.traveltowns.jp/railwaylines/tokyometro-tozai/,東京メトロ東西線
https://www.traveltowns.jp/railwaylines/tokyometro-ginza/,東京メトロ銀座線
https://www.traveltowns.jp/railwaylines/yokohamasubway-greenline/,横浜市営地下鉄グリーンライン
https://www.traveltowns.jp/railwaylines/yokohamasubway-blueline/,横浜市営地下鉄ブルーライン
https://www.traveltowns.jp/railwaylines/toei-mita/,都営三田線
https://www.traveltowns.jp/railwaylines/toei-oedo/,都営大江戸線
https://www.traveltowns.jp/railwaylines/toei-shinjuku/,都営新宿線
https://www.traveltowns.jp/railwaylines/toei-asakusa/,都営浅草線
https://www.traveltowns.jp/railwaylines/isumirailway/,いすみ鉄道いすみ線
https://www.traveltowns.jp/railwaylines/hitachinakaseasiderailway-minato/,ひたちなか海浜鉄道湊線
https://www.traveltowns.jp/railwaylines/watarasekeikoku-watarasekeikoku/,わたらせ渓谷鐵道
https://www.traveltowns.jp/railwaylines/joshinentetsu-joshin/,上信電鉄上信線
https://www.traveltowns.jp/railwaylines/jomoectricrailway-jomo/,上毛電気鉄道上毛線
https://www.traveltowns.jp/railwaylines/izuhakonerailway-daiyuzan/,伊豆箱根鉄道大雄山線
https://www.traveltowns.jp/railwaylines/fujikyuko-fujikyuko/,富士急行線
https://www.traveltowns.jp/railwaylines/kominatorailway-kominato/,小湊鉄道
https://www.traveltowns.jp/railwaylines/enoshimaelectricrailway-enoden/,江ノ電
https://www.traveltowns.jp/railwaylines/ryutetsu-nagareyama/,流鉄流山線
https://www.traveltowns.jp/railwaylines/mooka-mooka/,真岡鐵道真岡線
https://www.traveltowns.jp/railwaylines/chichiburailway-chichibuhonsen/,秩父鉄道
https://www.traveltowns.jp/railwaylines/hakonetozan-hakonetozan/,箱根登山鉄道
https://www.traveltowns.jp/railwaylines/yagan-aizukinugawa/,野岩鉄道会津鬼怒川線
https://www.traveltowns.jp/railwaylines/choshielectricrailway/,銚子電鉄
https://www.traveltowns.jp/railwaylines/kantorailway-joso/,関東鉄道常総線
https://www.traveltowns.jp/railwaylines/kashimarinkai-oaraikashima/,鹿島臨海鉄道大洗鹿島線
