line,station,query,lat,lng,success
JR上越線,群馬総社,JR上越線 群馬総社駅,36.4158198,139.0323929,True
JR上越線,八木原,JR上越線 八木原駅,36.4635627,139.0191274,True
JR上越線,渋川,JR上越線 渋川駅,36.4913217,139.0087977,True
JR上越線,敷島,JR上越線 敷島駅,36.53865529999999,139.0339521,True
JR上越線,津久田,JR上越線 津久田駅,36.5610369,139.0428197,True
JR上越線,岩本,JR上越線 岩本駅,36.6031556,139.0471395,True
JR上越線,沼田,JR上越線 沼田駅,36.6424996,139.0356225,True
JR上越線,後閑,JR上越線 後閑駅,36.67955,138.9999852,True
JR上越線,上牧,JR上越線 上牧,37.1478952,138.236135,True
JR上越線,水上,JR上越線 水上駅,36.778636,138.9688398,True
JR上越線,湯檜曽,JR上越線 湯檜曽駅,36.80271159999999,138.9865917,True
JR上越線,土合,JR上越線 土合駅,36.8313766,138.9670159,True
JR上越線,土樽,JR上越線 土樽駅,36.8752738,138.8617668,True
JR上越線,越後中里,JR上越線 越後中里駅,36.9104083,138.8484887,True
JR上越線,岩原スキー場前,JR上越線 岩原スキー場前駅,36.9243542,138.8393796,True
JR上越線,越後湯沢,JR上越線 越後湯沢駅,36.9359839,138.8096335,True
JR上越線,石打,JR上越線 石打駅,36.9889814,138.8041559,True
JR上越線,大沢,JR上越線 大沢駅,37.0212004,138.821292,True
JR上越線,上越国際スキー場前,JR上越線 上越国際スキー場前駅,37.0290052,138.8278744,True
JR上越線,塩沢,JR上越線 塩沢駅,37.041398,138.848529,True
JR上越線,六日町,JR上越線 六日町駅,37.0666966,138.8755353,True
JR上越線,五日町,JR上越線 五日町駅,37.1199136,138.9083913,True
JR上越線,浦佐,JR上越線 浦佐駅,37.1674363,138.9228047,True
JR上越線,八色,JR上越線 八色駅,37.1917672,138.9350526,True
JR上越線,小出,JR上越線 小出駅,37.2335129,138.953577,True
JR上越線,越後堀之内,JR上越線 越後堀之内駅,37.2389283,138.9282179,True
JR上越線,北堀之内,JR上越線 北堀之内駅,37.2557032,138.8961922,True
JR上越線,越後川口,JR上越線 越後川口駅,37.2730892,138.8615833,True
JR上越線,小千谷,JR上越線 小千谷駅,37.3096392,138.8135304,True
JR上越線,越後滝谷,JR上越線 越後滝谷駅,37.3686885,138.8349149,True
JR上越線,宮内,JR上越線 宮内駅,37.4220992,138.8402455,True
JR上越線,長岡,JR上越線 長岡駅,37.448014,138.8540468,True
JR両毛線,前橋大島,JR両毛線 前橋大島駅,36.3705444,139.1096538,True
JR両毛線,駒形,JR両毛線 駒形駅,36.3541186,139.1393199,True
JR両毛線,国定,JR両毛線 国定駅,36.358843,139.2421164,True
JR両毛線,岩宿,JR両毛線 岩宿駅,36.3958681,139.2972768,True
JR両毛線,桐生,JR両毛線 桐生駅,36.4110162,139.3331401,True
JR両毛線,小俣,JR両毛線 小俣駅,36.375067,139.3743266,True
JR両毛線,山前,JR両毛線 山前駅,36.3474045,139.411269,True
JR両毛線,足利,JR両毛線 足利駅,36.3318241,139.455877,True
JR両毛線,あしかがフラワーパーク,JR両毛線 あしかがフラワーパーク駅,36.315106,139.518445,True
JR両毛線,富田,JR両毛線 富田駅,36.3161612,139.5289824,True
JR両毛線,佐野,JR両毛線 佐野駅,36.3168661,139.57884,True
JR両毛線,岩舟,JR両毛線 岩舟駅,36.326739,139.65768,True
JR両毛線,大平下,JR両毛線 大平下駅,36.3442912,139.6975969,True
JR両毛線,思川,JR両毛線 思川駅,36.3510808,139.7810983,True
JR中央本線,上野原,JR中央本線 上野原駅,35.6188568,139.1160605,True
JR中央本線,四方津,JR中央本線 四方津駅,35.614303,139.0728002,True
JR中央本線,梁川,JR中央本線 梁川駅,35.6053989,139.0382207,True
JR中央本線,鳥沢,JR中央本線 鳥沢駅,35.608283,139.0032412,True
JR中央本線,猿橋,JR中央本線 猿橋駅,35.612806,138.9680999,True
JR中央本線,大月,JR中央本線 大月駅,35.6132125,138.9427266,True
JR中央本線,初狩,JR中央本線 初狩駅,35.5946216,138.8844431,True
JR中央本線,笹子,JR中央本線 笹子駅,35.6041451,138.8270688,True
JR中央本線,甲斐大和,JR中央本線 甲斐大和駅,35.6396216,138.7804532,True
JR中央本線,勝沼ぶどう郷,JR中央本線 勝沼ぶどう郷駅,35.6724373,138.7430054,True
JR中央本線,塩山,JR中央本線 塩山駅,35.7054135,138.7346248,True
JR中央本線,東山梨,JR中央本線 東山梨駅,35.6942577,138.7028252,True
JR中央本線,山梨市,JR中央本線 山梨市駅,35.6849321,138.6834355,True
JR中央本線,春日居町,JR中央本線 春日居町駅,35.6738052,138.6592611,True
JR中央本線,石和温泉,JR中央本線 石和温泉駅,35.6576641,138.6352719,True
JR中央本線,酒折,JR中央本線 酒折駅,35.6594887,138.5991941,True
JR中央本線,甲府,JR中央本線 甲府駅,35.666674,138.5687848,True
JR中央本線,竜王,JR中央本線 竜王駅,35.6687593,138.5197473,True
JR中央本線,塩崎,JR中央本線 塩崎駅,35.6877985,138.4877787,True
JR中央本線,韮崎,JR中央本線 韮崎駅,35.7103837,138.4509603,True
JR中央本線,新府,JR中央本線 新府駅,35.7371986,138.433367,True
JR中央本線,穴山,JR中央本線 穴山駅,35.7511399,138.4142931,True
JR中央本線,日野春,JR中央本線 日野春駅,35.7900483,138.3947115,True
JR中央本線,長坂,JR中央本線 長坂駅,35.8273971,138.3669062,True
JR中央本線,小淵沢,JR中央本線 小淵沢駅,35.8636976,138.3161057,True
JR中央本線,信濃境,JR中央本線 信濃境駅,35.8849269,138.2754132,True
JR中央本線,富士見,JR中央本線 富士見駅,35.9122284,138.2378598,True
JR中央本線,すずらんの里,JR中央本線 すずらんの里駅,35.9305312,138.2117225,True
JR中央本線,青柳,JR中央本線 青柳駅,35.9428072,138.1974177,True
JR中央本線,茅野,JR中央本線 茅野駅,35.9948,138.152503,True
JR中央本線,上諏訪,JR中央本線 上諏訪駅,36.0467933,138.1162817,True
JR中央本線,下諏訪,JR中央本線 下諏訪駅,36.071984,138.0850612,True
JR中央本線,岡谷,JR中央本線 岡谷駅,36.0567409,138.0446108,True
JR中央本線,みどり湖,JR中央本線 みどり湖駅,36.0942844,137.9818749,True
JR中央本線,塩尻,JR中央本線 塩尻駅,36.1143325,137.9478588,True
JR久留里線,久留里,JR久留里線 久留里駅,35.29586949999999,140.0757362,True
JR久留里線,上総亀山,JR久留里線 上総亀山,34.855829,136.4515719,True
JR京葉線,幕張豊砂（2023年3月18日開業）,JR京葉線 幕張豊砂（2023年3月18日開業）駅,35.6580566,140.0270059,True
JR信越本線（群馬県）,北高崎,JR信越本線（群馬県） 北高崎駅,36.3384778,139.0024712,True
JR信越本線（群馬県）,群馬八幡,JR信越本線（群馬県） 群馬八幡駅,36.3378688,138.9574643,True
JR信越本線（群馬県）,安中,JR信越本線（群馬県） 安中駅,36.3317906,138.9136112,True
JR信越本線（群馬県）,磯部,JR信越本線（群馬県） 磯部駅,36.2985126,138.8494417,True
JR信越本線（群馬県）,松井田,JR信越本線（群馬県） 松井田駅,36.3095938,138.7974474,True
JR信越本線（群馬県）,西松井田,JR信越本線（群馬県） 西松井田駅,36.3095938,138.7974474,True
JR信越本線（群馬県）,横川,JR信越本線（群馬県） 横川駅,36.3363317,138.737046,True
JR内房線,巌根,JR内房線 巌根駅,35.414552,139.933679,True
JR内房線,千歳,JR内房線 千歳駅,34.9912662,139.9661377,True
JR内房線,南三原,JR内房線 南三原駅,35.0211799,139.9790243,True
JR内房線,和田浦,JR内房線 和田浦駅,35.0416787,140.0197423,True
JR外房線,行川アイランド,JR外房線 行川アイランド駅,35.1182313,140.225972,True
JR宇都宮線,黒磯,JR宇都宮線 黒磯駅,36.9699004,140.0594458,True
JR宇都宮線,西那須野,JR宇都宮線 西那須野駅,36.8843805,139.9867256,True
JR宇都宮線,野崎,JR宇都宮線 野崎駅,36.84375720000001,139.9577286,True
JR宇都宮線,小金井,JR宇都宮線 小金井駅,36.3743489,139.8420524,True
JR常磐線,仙台,JR常磐線 仙台駅,38.2601316,140.8824375,True
JR常磐線,長町,JR常磐線 長町駅,38.2268376,140.8855833,True
JR常磐線,太子堂,JR常磐線 太子堂駅,38.2182318,140.8834208,True
JR常磐線,南仙台,JR常磐線 南仙台駅,38.19734529999999,140.8835884,True
JR常磐線,名取,JR常磐線 名取駅,38.1731665,140.882873,True
JR常磐線,館腰,JR常磐線 館腰駅,38.1431015,140.8801468,True
JR常磐線,岩沼,JR常磐線 岩沼駅,38.1119075,140.8641585,True
JR常磐線,逢隈,JR常磐線 逢隈駅,38.067236,140.8547825,True
JR常磐線,亘理,JR常磐線 亘理駅,38.0398906,140.8612644,True
JR常磐線,浜吉田,JR常磐線 浜吉田駅,38.0022569,140.8900692,True
JR常磐線,坂元,JR常磐線 坂元駅,37.9243307,140.9009363,True
JR常磐線,新地,JR常磐線 新地駅,37.879427,140.9254572,True
JR常磐線,駒ケ嶺,JR常磐線 駒ケ嶺駅,37.8422485,140.9251292,True
JR常磐線,相馬,JR常磐線 相馬駅,37.7970426,140.9190868,True
JR常磐線,日立木,JR常磐線 日立木駅,37.75611980000001,140.9347157,True
JR常磐線,鹿島,JR常磐線 鹿島駅,37.7028769,140.9700484,True
JR常磐線,原ノ町,JR常磐線 原ノ町駅,37.638134,140.970968,True
JR常磐線,磐城太田,JR常磐線 磐城太田駅,37.6051665,140.9914955,True
JR常磐線,小高,JR常磐線 小高駅,37.562727,140.9961915,True
JR常磐線,桃内,JR常磐線 桃内駅,37.5284806,140.9841663,True
JR常磐線,浪江,JR常磐線 浪江駅,37.4923182,140.9895564,True
JR常磐線,双葉,JR常磐線 双葉駅,37.4540453,141.0058345,True
JR常磐線,大野,JR常磐線 大野駅,37.4093275,140.9841995,True
JR常磐線,夜ノ森,JR常磐線 夜ノ森駅,37.3659741,140.992407,True
JR常磐線,富岡,JR常磐線 富岡駅,37.3352399,141.0223364,True
JR常磐線,竜田,JR常磐線 竜田駅,37.282648,141.0028425,True
JR常磐線,木戸,JR常磐線 木戸駅,37.258012,141.0024826,True
JR常磐線,Jヴィレッジ,JR常磐線 Jヴィレッジ駅,37.24318410000001,141.0077493,True
JR常磐線,広野,JR常磐線 広野駅,37.2116282,140.9986516,True
JR常磐線,末続,JR常磐線 末続駅,37.1723271,140.9955426,True
JR常磐線,久ノ浜,JR常磐線 久ノ浜駅,37.1425805,140.9956828,True
JR常磐線,四ツ倉,JR常磐線 四ツ倉駅,37.1023624,140.9807414,True
JR常磐線,草野,JR常磐線 草野駅,37.0738924,140.9472177,True
JR常磐線,いわき,JR常磐線 いわき駅,37.058174,140.8920926,True
JR常磐線,内郷,JR常磐線 内郷駅,37.0359774,140.8548939,True
JR常磐線,湯本,JR常磐線 湯本駅,37.0069806,140.8497845,True
JR常磐線,泉,JR常磐線 泉駅,36.9555017,140.8541501,True
JR常磐線,植田,JR常磐線 植田駅,36.9204611,140.7964596,True
JR常磐線,勿来,JR常磐線 勿来駅,36.883354,140.7871564,True
JR常磐線,佐貫,JR常磐線 佐貫駅,35.9300659,140.1382285,True
JR御殿場線,駿河小山,JR御殿場線 駿河小山駅,35.3587061,138.9988435,True
JR御殿場線,御殿場,JR御殿場線 御殿場駅,35.3001232,138.9340564,True
JR御殿場線,南御殿場,JR御殿場線 南御殿場駅,35.2770906,138.9254826,True
JR御殿場線,富士岡,JR御殿場線 富士岡駅,35.2561129,138.920259,True
JR御殿場線,岩波,JR御殿場線 岩波駅,35.2159078,138.9190635,True
JR御殿場線,裾野,JR御殿場線 裾野駅,35.1718434,138.9093246,True
JR御殿場線,長泉なめり,JR御殿場線 長泉なめり駅,35.147573,138.899368,True
JR御殿場線,下土狩,JR御殿場線 下土狩駅,35.1295352,138.8952821,True
JR御殿場線,大岡,JR御殿場線 大岡駅,35.1158159,138.8808396,True
JR御殿場線,沼津,JR御殿場線 沼津駅,35.1026494,138.8598006,True
JR日光線,鶴田,JR日光線 鶴田駅,36.5383394,139.858806,True
JR日光線,鹿沼,JR日光線 鹿沼駅,36.5712219,139.7629795,True
JR日光線,文挟,JR日光線 文挟駅,36.6376579,139.7280075,True
JR日光線,下野大沢,JR日光線 下野大沢駅,36.6859303,139.7326717,True
JR日光線,今市,JR日光線 今市駅,36.7207853,139.686834,True
JR日光線,日光,JR日光線 日光駅,36.74744800000001,139.62204,True
JR東海道線,熱海,JR東海道線 熱海駅,35.1038422,139.0778841,True
JR水戸線,小田林,JR水戸線 小田林駅,36.3007551,139.8535664,True
JR水戸線,結城,JR水戸線 結城駅,36.2982229,139.8723709,True
JR水戸線,東結城,JR水戸線 東結城駅,36.2966177,139.8913134,True
JR水戸線,川島,JR水戸線 川島駅,36.2960144,139.9160409,True
JR水戸線,玉戸,JR水戸線 玉戸駅,36.298591,139.9385871,True
JR水戸線,下館,JR水戸線 下館駅,36.3043842,139.9786648,True
JR水戸線,新治,JR水戸線 新治駅,36.3279516,140.0391328,True
JR水戸線,岩瀬,JR水戸線 岩瀬駅,36.3595884,140.1082705,True
JR水戸線,羽黒,JR水戸線 羽黒駅,36.3552847,140.1429562,True
JR水戸線,福原,JR水戸線 福原駅,36.3515363,140.1872026,True
JR水戸線,稲田,JR水戸線 稲田駅,36.3685442,140.2142141,True
JR水戸線,笠間,JR水戸線 笠間駅,36.3733017,140.246142,True
JR水戸線,宍戸,JR水戸線 宍戸駅,36.344614,140.2893598,True
JR湘南新宿ライン（宇都宮線・横須賀線）,西大井駅,西大井駅駅,35.60179189999999,139.7218021,True
JR烏山線,下野花岡,JR烏山線 下野花岡駅,36.6499975,140.0086774,True
JR烏山線,仁井田,JR烏山線 仁井田駅,36.6572751,140.0295642,True
JR烏山線,鴻野山,JR烏山線 鴻野山駅,36.6665246,140.0519507,True
JR烏山線,大金,JR烏山線 大金駅,36.6563048,140.0956697,True
JR烏山線,小塙,JR烏山線 小塙駅,36.6431957,140.1166129,True
JR烏山線,滝,JR烏山線 滝駅,36.6485846,140.1381941,True
JR烏山線,烏山,JR烏山線 烏山駅,36.6504168,140.1549742,True
JR青梅線,白丸,JR青梅線 白丸駅,35.811707,139.114761,True
JR青梅線,奥多摩,JR青梅線 奥多摩駅,35.809374,139.096929,True
JR鶴見線,海芝浦,JR鶴見線 海芝浦駅,35.485901,139.7003867,True
JR鹿島線,鹿島サッカースタジアム（臨）,JR鹿島線 鹿島サッカースタジアム（臨）駅,35.9921725,140.636263,True
ディズニーリゾートライン,リゾートゲートウェイ・ステーション,ディズニーリゾートライン リゾートゲートウェイ・ステーション駅,35.6351088,139.8852855,True
ディズニーリゾートライン,東京ディズニーランド・ステーション,ディズニーリゾートライン 東京ディズニーランド・ステーション駅,35.6358863,139.8786472,True
ディズニーリゾートライン,ベイサイド・ステーション,ディズニーリゾートライン ベイサイド・ステーション駅,35.6279149,139.8767588,True
ディズニーリゾートライン,東京ディズニーシー・ステーション,ディズニーリゾートライン 東京ディズニーシー・ステーション駅,35.6273876,139.8895355,True
京急大師線,産業道路,京急大師線 産業道路駅,35.536727,139.740635,True
京急本線,花月園前,京急本線 花月園前駅,35.500456,139.6729925,True
京急本線,仲木戸,京急本線 仲木戸駅,35.4772739,139.6343656,True
京急空港線,羽田空港第3ターミナル,京急空港線 羽田空港第3ターミナル駅,35.5446693,139.7676181,True
京急空港線,羽田空港第1・第2ターミナル,京急空港線 羽田空港第1・第2ターミナル駅,35.5499709,139.786427,True
京急逗子線,新逗子,京急逗子線 新逗子駅,35.2959112,139.5812162,True
京成成田空港線,新鎌ヶ谷,京成成田空港線 新鎌ヶ谷駅,35.779401,139.998853,True
京成成田空港線,空港第２ビル（第２・第３旅客ターミナル）,京成成田空港線 空港第２ビル（第２・第３旅客ターミナル）駅,35.7731182,140.3871838,True
京成成田空港線,成田空港（第１旅客ターミナル）,京成成田空港線 成田空港（第１旅客ターミナル）駅,35.7647224,140.38487,True
京成押上線,押上（スカイツリー前）,京成押上線 押上（スカイツリー前）駅,35.710332,139.8132971,True
京成本線,成田空港（第１旅客ターミナル）,京成本線 成田空港（第１旅客ターミナル）駅,35.7647224,140.38487,True
京成本線,空港第２ビル（第２・第３旅客ターミナル）,京成本線 空港第２ビル（第２・第３旅客ターミナル）駅,35.7731182,140.3871838,True
北総鉄道北総線,新鎌ヶ谷,北総鉄道北総線 新鎌ヶ谷駅,35.779401,139.998853,True
新京成線,新鎌ヶ谷,新京成線 新鎌ヶ谷駅,35.779401,139.998853,True
東京モノレール,羽田空港第3ターミナル,東京モノレール 羽田空港第3ターミナル駅,35.5442587,139.7683199,True
東京モノレール,羽田空港第1ターミナル,東京モノレール 羽田空港第1ターミナル駅,35.5491383,139.7847121,True
東京モノレール,羽田空港第2ターミナル,東京モノレール 羽田空港第2ターミナル駅,35.55070020000001,139.7879961,True
東急田園都市線,南町田,東急田園都市線 南町田駅,35.5114471,139.4706636,True
東武伊勢崎線,押上〈スカイツリー前〉,東武伊勢崎線 押上〈スカイツリー前〉駅,35.7113453,139.8150661,True
東武伊勢崎線,獨協大学前〈草加松原〉,東武伊勢崎線 獨協大学前〈草加松原〉駅,35.8432776,139.8006731,True
東武佐野線,渡瀬,東武佐野線 渡瀬駅,36.2617458,139.5369097,True
東武佐野線,田島,東武佐野線 田島駅,36.2905805,139.564951,True
東武佐野線,佐野市,東武佐野線 佐野市駅,36.3060632,139.5751518,True
東武佐野線,佐野,東武佐野線 佐野駅,36.3168661,139.57884,True
東武佐野線,堀米,東武佐野線 堀米駅,36.3279561,139.5801658,True
東武佐野線,吉水,東武佐野線 吉水駅,36.34554809999999,139.579588,True
東武佐野線,田沼,東武佐野線 田沼駅,36.3669524,139.5815936,True
東武佐野線,多田,東武佐野線 多田駅,36.3782342,139.5932196,True
東武佐野線,葛生,東武佐野線 葛生駅,36.3981424,139.6089603,True
東武宇都宮線,野州平川,東武宇都宮線 野州平川駅,36.401743,139.753895,True
東武宇都宮線,野州大塚,東武宇都宮線 野州大塚駅,36.408824,139.7726244,True
東武宇都宮線,壬生,東武宇都宮線 壬生駅,36.42295319999999,139.8050711,True
東武宇都宮線,国谷,東武宇都宮線 国谷駅,36.451622,139.823727,True
東武宇都宮線,おもちゃのまち,東武宇都宮線 おもちゃのまち駅,36.46635980000001,139.8293921,True
東武宇都宮線,安塚,東武宇都宮線 安塚駅,36.485472,139.835389,True
東武宇都宮線,西川田,東武宇都宮線 西川田駅,36.5145506,139.8504098,True
東武宇都宮線,江曽島,東武宇都宮線 江曽島駅,36.5305452,139.8605644,True
東武宇都宮線,南宇都宮,東武宇都宮線 南宇都宮駅,36.5441167,139.8723017,True
東武宇都宮線,東武宇都宮,東武宇都宮線 東武宇都宮駅,36.558893,139.880553,True
東武小泉線,成島,東武小泉線 成島駅,36.2490856,139.5058693,True
東武小泉線,本中野,東武小泉線 本中野駅,36.2585515,139.4697577,True
東武小泉線,篠塚,東武小泉線 篠塚駅,36.2566612,139.4466253,True
東武小泉線,東小泉,東武小泉線 東小泉駅,36.2594455,139.4290935,True
東武小泉線,小泉町,東武小泉線 小泉町駅,36.2614951,139.4201208,True
東武小泉線,西小泉,東武小泉線 西小泉駅,36.258285,139.4083438,True
東武小泉線,竜舞,東武小泉線 竜舞駅,36.2791879,139.4088878,True
東武東上線,みなみ寄居（2020年10月31日開業）,東武東上線 みなみ寄居（2020年10月31日開業）駅,36.0908823,139.2363584,True
東武桐生線,三枚橋,東武桐生線 三枚橋駅,36.3135836,139.3548129,True
東武桐生線,治良門橋,東武桐生線 治良門橋駅,36.3329748,139.341164,True
東武桐生線,藪塚,東武桐生線 藪塚駅,36.3589735,139.315283,True
東武桐生線,阿左美,東武桐生線 阿左美駅,36.3870638,139.3085818,True
東武桐生線,新桐生,東武桐生線 新桐生駅,36.3951021,139.3202502,True
東武桐生線,相老,東武桐生線 相老駅,36.4104767,139.3044459,True
東武桐生線,赤城,東武桐生線 赤城駅,36.4257626,139.2762847,True
東武野田線,新鎌ヶ谷,東武野田線 新鎌ヶ谷駅,35.779401,139.998853,True
東武野田線,鎌ヶ谷,東武野田線 鎌ヶ谷駅,35.7637249,139.9972711,True
東武鬼怒川線,大谷向,東武鬼怒川線 大谷向駅,36.7324963,139.6919306,True
東武鬼怒川線,大桑,東武鬼怒川線 大桑駅,36.7605407,139.7132938,True
東武鬼怒川線,新高徳,東武鬼怒川線 新高徳駅,36.7794621,139.7111891,True
東武鬼怒川線,小佐越,東武鬼怒川線 小佐越駅,36.8022962,139.7066127,True
東武鬼怒川線,東武ワールドスクウェア,東武鬼怒川線 東武ワールドスクウェア駅,36.8086281,139.7093176,True
東武鬼怒川線,鬼怒川温泉,東武鬼怒川線 鬼怒川温泉駅,36.8232715,139.7166767,True
東武鬼怒川線,鬼怒川公園,東武鬼怒川線 鬼怒川公園駅,36.8409006,139.7228485,True
東武鬼怒川線,新藤原,東武鬼怒川線 新藤原駅,36.8527931,139.7327927,True
相鉄本線,希望ヶ丘,相鉄本線 希望ヶ丘駅,35.4604235,139.5141563,True
都電荒川線,早稲田（都電）,都電荒川線 早稲田（都電）駅,35.7117809,139.7191898,True
東京メトロ副都心線,明治神宮前〈原宿〉,東京メトロ副都心線 明治神宮前〈原宿〉駅,35.6690374,139.7042217,True
東京メトロ千代田線,二重橋前〈丸の内〉,東京メトロ千代田線 二重橋前〈丸の内〉駅,35.680665,139.7617446,True
東京メトロ千代田線,明治神宮前〈原宿〉,東京メトロ千代田線 明治神宮前〈原宿〉駅,35.6690374,139.7042217,True
東京メトロ半蔵門線,押上〈スカイツリー前〉,東京メトロ半蔵門線 押上〈スカイツリー前〉駅,35.710332,139.8132971,True
都営新宿線,市ヶ谷,都営新宿線 市ヶ谷駅,35.6910121,139.7355674,True
都営浅草線,押上（スカイツリー前）,都営浅草線 押上（スカイツリー前）駅,35.710332,139.8132971,True
いすみ鉄道いすみ線,西大原,いすみ鉄道いすみ線 西大原駅,35.2604973,140.3778703,True
いすみ鉄道いすみ線,上総東,いすみ鉄道いすみ線 上総東駅,35.2634002,140.3452152,True
いすみ鉄道いすみ線,新田野,いすみ鉄道いすみ線 新田野駅,35.2759109,140.3285682,True
いすみ鉄道いすみ線,国吉,いすみ鉄道いすみ線 国吉駅,35.2804933,140.313736,True
いすみ鉄道いすみ線,上総中川,いすみ鉄道いすみ線 上総中川駅,35.2827046,140.2804538,True
いすみ鉄道いすみ線,城見ヶ丘,いすみ鉄道いすみ線 城見ヶ丘駅,35.2916886,140.2525224,True
いすみ鉄道いすみ線,大多喜,いすみ鉄道いすみ線 大多喜駅,35.286546,140.243853,True
いすみ鉄道いすみ線,小谷松,いすみ鉄道いすみ線 小谷松駅,35.2689929,140.251075,True
いすみ鉄道いすみ線,東総元,いすみ鉄道いすみ線 東総元駅,35.259355,140.247437,True
いすみ鉄道いすみ線,久我原,いすみ鉄道いすみ線 久我原駅,35.2501293,140.2478598,True
いすみ鉄道いすみ線,総元,いすみ鉄道いすみ線 総元駅,35.2405791,140.2402993,True
いすみ鉄道いすみ線,西畑,いすみ鉄道いすみ線 西畑駅,35.250494,140.2151621,True
いすみ鉄道いすみ線,上総中野,いすみ鉄道いすみ線 上総中野駅,35.2500438,140.1998868,True
ひたちなか海浜鉄道湊線,日工前,ひたちなか海浜鉄道湊線 日工前駅,36.3880971,140.524589,True
ひたちなか海浜鉄道湊線,金上,ひたちなか海浜鉄道湊線 金上駅,36.3824313,140.5338385,True
ひたちなか海浜鉄道湊線,中根,ひたちなか海浜鉄道湊線 中根駅,36.3674338,140.562059,True
ひたちなか海浜鉄道湊線,那珂湊,ひたちなか海浜鉄道湊線 那珂湊駅,36.3449962,140.5880032,True
ひたちなか海浜鉄道湊線,殿山,ひたちなか海浜鉄道湊線 殿山駅,36.3498535,140.6017508,True
ひたちなか海浜鉄道湊線,平磯,ひたちなか海浜鉄道湊線 平磯駅,36.3575751,140.6076389,True
ひたちなか海浜鉄道湊線,美乃浜学園,ひたちなか海浜鉄道湊線 美乃浜学園駅,36.3726014,140.616693,True
ひたちなか海浜鉄道湊線,磯崎,ひたちなか海浜鉄道湊線 磯崎駅,36.377712,140.6179149,True
ひたちなか海浜鉄道湊線,阿字ヶ浦,ひたちなか海浜鉄道湊線 阿字ヶ浦駅,36.3840722,140.6124707,True
わたらせ渓谷鐵道,桐生,わたらせ渓谷鐵道 桐生駅,36.4110162,139.3331401,True
わたらせ渓谷鐵道,下新田,わたらせ渓谷鐵道 下新田駅,36.4075791,139.3150949,True
わたらせ渓谷鐵道,相老,わたらせ渓谷鐵道 相老駅,36.4104767,139.3044459,True
わたらせ渓谷鐵道,運動公園,わたらせ渓谷鐵道 運動公園駅,36.4205037,139.3009041,True
わたらせ渓谷鐵道,大間々,わたらせ渓谷鐵道 大間々駅,36.4346611,139.27743,True
わたらせ渓谷鐵道,上神梅,わたらせ渓谷鐵道 上神梅駅,36.4700597,139.2576238,True
わたらせ渓谷鐵道,本宿,わたらせ渓谷鐵道 本宿駅,36.481482,139.2590608,True
わたらせ渓谷鐵道,水沼,わたらせ渓谷鐵道 水沼駅,36.4998557,139.2776353,True
わたらせ渓谷鐵道,花輪,わたらせ渓谷鐵道 花輪駅,36.5207478,139.3078546,True
わたらせ渓谷鐵道,小中,わたらせ渓谷鐵道 小中駅,36.5357198,139.3378766,True
わたらせ渓谷鐵道,神戸,わたらせ渓谷鐵道 神戸駅,36.53748909999999,139.3562804,True
わたらせ渓谷鐵道,沢入,わたらせ渓谷鐵道 沢入駅,36.58043809999999,139.396311,True
わたらせ渓谷鐵道,原向,わたらせ渓谷鐵道 原向駅,36.6172277,139.4197522,True
わたらせ渓谷鐵道,通洞,わたらせ渓谷鐵道 通洞駅,36.63699150000001,139.4400654,True
わたらせ渓谷鐵道,足尾,わたらせ渓谷鐵道 足尾駅,36.6416696,139.4479156,True
わたらせ渓谷鐵道,間藤,わたらせ渓谷鐵道 間藤駅,36.6530985,139.4498648,True
上信電鉄上信線,南高崎,上信電鉄上信線 南高崎駅,36.3125268,139.0122481,True
上信電鉄上信線,根小屋,上信電鉄上信線 根小屋駅,36.29142179999999,139.0187656,True
上信電鉄上信線,高崎商科大学前,上信電鉄上信線 高崎商科大学前駅,36.2843567,139.0296023,True
上信電鉄上信線,山名,上信電鉄上信線 山名駅,36.2777357,139.0381095,True
上信電鉄上信線,西山名,上信電鉄上信線 西山名駅,36.2711002,139.0323984,True
上信電鉄上信線,馬庭,上信電鉄上信線 馬庭駅,36.2614816,139.0091397,True
上信電鉄上信線,吉井,上信電鉄上信線 吉井駅,36.2559553,138.9845412,True
上信電鉄上信線,西吉井,上信電鉄上信線 西吉井駅,36.25571619999999,138.9654706,True
上信電鉄上信線,上州新屋,上信電鉄上信線 上州新屋駅,36.2559502,138.9515314,True
上信電鉄上信線,上州福島,上信電鉄上信線 上州福島駅,36.2562995,138.929675,True
上信電鉄上信線,東富岡,上信電鉄上信線 東富岡駅,36.2608419,138.9018562,True
上信電鉄上信線,上州富岡,上信電鉄上信線 上州富岡駅,36.2605115,138.8919284,True
上信電鉄上信線,西富岡,上信電鉄上信線 西富岡駅,36.2601137,138.8832462,True
上信電鉄上信線,上州七日市,上信電鉄上信線 上州七日市駅,36.258607,138.8747152,True
上信電鉄上信線,上州一ノ宮,上信電鉄上信線 上州一ノ宮駅,36.2530952,138.8637592,True
上信電鉄上信線,神農原,上信電鉄上信線 神農原駅,36.2427415,138.843862,True
上信電鉄上信線,南蛇井,上信電鉄上信線 南蛇井駅,36.23824889999999,138.8140961,True
上信電鉄上信線,千平,上信電鉄上信線 千平駅,36.2302672,138.7988271,True
上信電鉄上信線,下仁田,上信電鉄上信線 下仁田駅,36.2105876,138.7861968,True
上毛電気鉄道上毛線,中央前橋,上毛電気鉄道上毛線 中央前橋駅,36.3909738,139.0752683,True
上毛電気鉄道上毛線,城東,上毛電気鉄道上毛線 城東駅,36.3912795,139.0811012,True
上毛電気鉄道上毛線,三俣,上毛電気鉄道上毛線 三俣駅,36.3937794,139.0891281,True
上毛電気鉄道上毛線,片貝,上毛電気鉄道上毛線 片貝駅,36.39386289999999,139.0955443,True
上毛電気鉄道上毛線,上泉,上泉駅,36.3941687,139.1067655,True
上毛電気鉄道上毛線,心臓血管センター,上毛電気鉄道上毛線 心臓血管センター駅,36.4053347,139.1289853,True
上毛電気鉄道上毛線,江木,上毛電気鉄道上毛線 江木駅,36.4072791,139.1337071,True
上毛電気鉄道上毛線,大胡,上毛電気鉄道上毛線 大胡駅,36.4128068,139.1561216,True
上毛電気鉄道上毛線,樋越,上毛電気鉄道上毛線 樋越駅,36.4155014,139.1732589,True
上毛電気鉄道上毛線,北原,上毛電気鉄道上毛線 北原駅,36.4136686,139.1846191,True
上毛電気鉄道上毛線,新屋,上毛電気鉄道上毛線 新屋駅,36.4138078,139.1966181,True
上毛電気鉄道上毛線,粕川,上毛電気鉄道上毛線 粕川駅,36.4168634,139.2108945,True
上毛電気鉄道上毛線,膳,上毛電気鉄道上毛線 膳駅,36.4170585,139.2220456,True
上毛電気鉄道上毛線,新里,上毛電気鉄道上毛線 新里駅,36.418596,139.23771,True
上毛電気鉄道上毛線,新川,上毛電気鉄道上毛線 新川駅,36.4182534,139.2575293,True
上毛電気鉄道上毛線,東新川,上毛電気鉄道上毛線 東新川駅,36.42205879999999,139.2677505,True
上毛電気鉄道上毛線,赤城,上毛電気鉄道上毛線 赤城駅,36.4257626,139.2762847,True
上毛電気鉄道上毛線,桐生球場前,上毛電気鉄道上毛線 桐生球場前駅,36.4192735,139.2981113,True
上毛電気鉄道上毛線,天王宿,上毛電気鉄道上毛線 天王宿駅,36.4149773,139.3080806,True
上毛電気鉄道上毛線,富士山下,上毛電気鉄道上毛線 富士山下駅,36.41392099999999,139.3157078,True
上毛電気鉄道上毛線,丸山下,上毛電気鉄道上毛線 丸山下駅,36.41679560000001,139.3217568,True
上毛電気鉄道上毛線,西桐生,上毛電気鉄道上毛線 西桐生駅,36.4140069,139.3335336,True
富士急行線,大月,富士急行線 大月駅,35.6132125,138.9427266,True
富士急行線,上大月,富士急行線 上大月駅,35.6132125,138.9427266,True
富士急行線,田野倉,富士急行線 田野倉駅,35.5931419,138.9311477,True
富士急行線,禾生,富士急行線 禾生駅,35.5749503,138.9290637,True
富士急行線,都留市,富士急行線 都留市駅,35.5568539,138.9077233,True
富士急行線,谷村町,富士急行線 谷村町駅,35.5505614,138.9046721,True
富士急行線,都留文科大学前,富士急行線 都留文科大学前駅,35.5424653,138.8965049,True
富士急行線,東桂,富士急行線 東桂駅,35.5364096,138.8711034,True
富士急行線,三つ峠,富士急行線 三つ峠駅,35.5240031,138.8452758,True
富士急行線,寿,富士急行線 寿駅,35.5081783,138.8252413,True
富士急行線,葭池温泉前,富士急行線 葭池温泉前駅,35.5019544,138.8119565,True
富士急行線,下吉田,富士急行線 下吉田駅,35.4976962,138.8032647,True
富士急行線,月江寺,富士急行線 月江寺駅,35.493172,138.7980699,True
富士急行線,富士山,富士急行線 富士山駅,35.48354880000001,138.7956851,True
富士急行線,富士急ハイランド,富士急行線 富士急ハイランド駅,35.4893557,138.7819526,True
富士急行線,河口湖,富士急行線 河口湖駅,35.49823620000001,138.7688409,True
小湊鉄道,里見,小湊鉄道 里見駅,35.3372603,140.1455256,True
小湊鉄道,飯給,小湊鉄道 飯給駅,35.3204287,140.1423321,True
小湊鉄道,月崎,小湊鉄道 月崎駅,35.302209,140.1393817,True
小湊鉄道,上総大久保,小湊鉄道 上総大久保駅,35.28349559999999,140.1458492,True
小湊鉄道,養老渓谷,小湊鉄道 養老渓谷駅,35.26640700000001,140.159333,True
小湊鉄道,上総中野,小湊鉄道 上総中野駅,35.2500438,140.1998868,True
江ノ電,七里ヶ浜,江ノ電 七里ヶ浜駅,35.3062403,139.5101511,True
江ノ電,由比ヶ浜,江ノ電 由比ヶ浜駅,35.3127879,139.5414315,True
江ノ電,和田塚,江ノ電 和田塚駅,35.3137116,139.5454342,True
真岡鐵道真岡線,下館,真岡鐵道真岡線 下館駅,36.3043842,139.9786648,True
真岡鐵道真岡線,下館二高前,真岡鐵道真岡線 下館二高前駅,36.3191729,139.9720834,True
真岡鐵道真岡線,折本,真岡鐵道真岡線 折本駅,36.3405594,139.9713047,True
真岡鐵道真岡線,ひぐち,真岡鐵道真岡線 ひぐち駅,36.3581963,139.9705263,True
真岡鐵道真岡線,久下田,真岡鐵道真岡線 久下田駅,36.3759721,139.9716643,True
真岡鐵道真岡線,寺内,真岡鐵道真岡線 寺内駅,36.41096830000001,139.9803566,True
真岡鐵道真岡線,真岡,真岡鐵道真岡線 真岡駅,36.439188,140.0025757,True
真岡鐵道真岡線,北真岡,真岡鐵道真岡線 北真岡駅,36.4491038,140.013991,True
真岡鐵道真岡線,西田井,真岡鐵道真岡線 西田井駅,36.4533543,140.0486823,True
真岡鐵道真岡線,北山,真岡鐵道真岡線 北山駅,36.4556879,140.0677917,True
真岡鐵道真岡線,益子,真岡鐵道真岡線 益子駅,36.4633208,140.0888856,True
真岡鐵道真岡線,七井,真岡鐵道真岡線 七井駅,36.49146229999999,140.0945657,True
真岡鐵道真岡線,多田羅,真岡鐵道真岡線 多田羅駅,36.5159872,140.089815,True
真岡鐵道真岡線,市塙,真岡鐵道真岡線 市塙駅,36.5381242,140.1101457,True
真岡鐵道真岡線,笹原田,真岡鐵道真岡線 笹原田駅,36.5337367,140.1451429,True
真岡鐵道真岡線,天矢場,真岡鐵道真岡線 天矢場駅,36.5292098,140.1558922,True
真岡鐵道真岡線,茂木,真岡鐵道真岡線 茂木駅,36.5307936,140.1813621,True
秩父鉄道,武州中川,秩父鉄道 武州中川駅,35.95848910000001,139.0352523,True
野岩鉄道会津鬼怒川線,新藤原,野岩鉄道会津鬼怒川線 新藤原駅,36.8527931,139.7327927,True
野岩鉄道会津鬼怒川線,龍王峡,野岩鉄道会津鬼怒川線 龍王峡駅,36.8609655,139.7184988,True
野岩鉄道会津鬼怒川線,川治温泉,野岩鉄道会津鬼怒川線 川治温泉駅,36.8841569,139.7037213,True
野岩鉄道会津鬼怒川線,川治湯元,野岩鉄道会津鬼怒川線 川治湯元駅,36.8951834,139.7027209,True
野岩鉄道会津鬼怒川線,湯西川温泉,野岩鉄道会津鬼怒川線 湯西川温泉駅,36.9295124,139.6885262,True
野岩鉄道会津鬼怒川線,中三依温泉,野岩鉄道会津鬼怒川線 中三依温泉駅,36.9852008,139.6993285,True
野岩鉄道会津鬼怒川線,上三依塩原温泉口,野岩鉄道会津鬼怒川線 上三依塩原温泉口駅,37.0139269,139.7275309,True
野岩鉄道会津鬼怒川線,男鹿高原,野岩鉄道会津鬼怒川線 男鹿高原駅,37.0478887,139.7238792,True
野岩鉄道会津鬼怒川線,会津高原尾瀬口,野岩鉄道会津鬼怒川線 会津高原尾瀬口駅,37.0895743,139.7045007,True
銚子電鉄,犬吠,銚子電鉄 犬吠駅,35.70630010000001,140.8611882,True
関東鉄道常総線,西取手,関東鉄道常総線 西取手駅,35.90891,140.059198,True
関東鉄道常総線,寺原,関東鉄道常総線 寺原駅,35.9119575,140.0545315,True
関東鉄道常総線,新取手,関東鉄道常総線 新取手駅,35.9174616,140.0428375,True
関東鉄道常総線,ゆめみ野,関東鉄道常総線 ゆめみ野駅,35.9209475,140.0351436,True
関東鉄道常総線,稲戸井,関東鉄道常総線 稲戸井駅,35.9263831,140.0224489,True
関東鉄道常総線,戸頭,関東鉄道常総線 戸頭駅,35.9293258,140.0141103,True
関東鉄道常総線,南守谷,関東鉄道常総線 南守谷駅,35.9342656,140.0021059,True
関東鉄道常総線,新守谷,関東鉄道常総線 新守谷駅,35.9665115,139.9857072,True
関東鉄道常総線,小絹,関東鉄道常総線 小絹駅,35.9812212,139.983223,True
関東鉄道常総線,水海道,関東鉄道常総線 水海道駅,36.0183253,139.9919926,True
関東鉄道常総線,北水海道,関東鉄道常総線 北水海道駅,36.0321226,139.9927602,True
関東鉄道常総線,中妻,関東鉄道常総線 中妻駅,36.0472246,139.9905613,True
関東鉄道常総線,三妻,関東鉄道常総線 三妻駅,36.0739203,139.9827618,True
関東鉄道常総線,南石下,関東鉄道常総線 南石下駅,36.1022808,139.9737867,True
関東鉄道常総線,石下,関東鉄道常総線 石下駅,36.1172106,139.9741235,True
関東鉄道常総線,玉村,関東鉄道常総線 玉村駅,36.1354714,139.9699245,True
関東鉄道常総線,宗道,関東鉄道常総線 宗道駅,36.1540456,139.9704062,True
関東鉄道常総線,下妻,関東鉄道常総線 下妻駅,36.181994,139.96445,True
関東鉄道常総線,大宝,関東鉄道常総線 大宝駅,36.2031582,139.9701995,True
関東鉄道常総線,黒子,関東鉄道常総線 黒子駅,36.2473912,139.9751347,True
関東鉄道常総線,大田郷,関東鉄道常総線 大田郷駅,36.2782235,139.9596293,True
関東鉄道常総線,下館,関東鉄道常総線 下館駅,36.3043842,139.9786648,True
鹿島臨海鉄道大洗鹿島線,東水戸,鹿島臨海鉄道大洗鹿島線 東水戸駅,36.3617387,140.5159798,True
鹿島臨海鉄道大洗鹿島線,常澄,鹿島臨海鉄道大洗鹿島線 常澄駅,36.3407423,140.5589493,True
鹿島臨海鉄道大洗鹿島線,大洗,鹿島臨海鉄道大洗鹿島線 大洗駅,36.3150501,140.5629424,True
鹿島臨海鉄道大洗鹿島線,涸沼,鹿島臨海鉄道大洗鹿島線 涸沼駅,36.2658573,140.5271846,True
鹿島臨海鉄道大洗鹿島線,鹿島旭,鹿島臨海鉄道大洗鹿島線 鹿島旭駅,36.2247263,140.5124859,True
鹿島臨海鉄道大洗鹿島線,徳宿,鹿島臨海鉄道大洗鹿島線 徳宿駅,36.1903413,140.5144316,True
鹿島臨海鉄道大洗鹿島線,新鉾田,鹿島臨海鉄道大洗鹿島線 新鉾田駅,36.1524444,140.5202981,True
鹿島臨海鉄道大洗鹿島線,北浦湖畔,鹿島臨海鉄道大洗鹿島線 北浦湖畔駅,36.1204887,140.5367938,True
鹿島臨海鉄道大洗鹿島線,大洋,鹿島臨海鉄道大洗鹿島線 大洋駅,36.1082967,140.5766521,True
鹿島臨海鉄道大洗鹿島線,鹿島灘,鹿島臨海鉄道大洗鹿島線 鹿島灘駅,36.0755787,140.5967906,True
鹿島臨海鉄道大洗鹿島線,鹿島大野,鹿島臨海鉄道大洗鹿島線 鹿島大野駅,36.0507763,140.6097906,True
鹿島臨海鉄道大洗鹿島線,長者ヶ浜潮騒はまなす公園前,鹿島臨海鉄道大洗鹿島線 長者ヶ浜潮騒はまなす公園前駅,36.0315288,140.6187073,True
鹿島臨海鉄道大洗鹿島線,荒野台,鹿島臨海鉄道大洗鹿島線 荒野台駅,36.0170028,140.6251796,True
鹿島臨海鉄道大洗鹿島線,鹿島サッカースタジアム（臨）,鹿島臨海鉄道大洗鹿島線 鹿島サッカースタジアム（臨）駅,35.9921725,140.636263,True
