line,station
JR上越線,高崎
JR上越線,高崎問屋町
JR上越線,井野
JR上越線,新前橋
JR上越線,群馬総社
JR上越線,八木原
JR上越線,渋川
JR上越線,敷島
JR上越線,津久田
JR上越線,岩本
JR上越線,沼田
JR上越線,後閑
JR上越線,上牧
JR上越線,水上
JR上越線,湯檜曽
JR上越線,土合
JR上越線,土樽
JR上越線,越後中里
JR上越線,岩原スキー場前
JR上越線,越後湯沢
JR上越線,石打
JR上越線,大沢
JR上越線,上越国際スキー場前
JR上越線,塩沢
JR上越線,六日町
JR上越線,五日町
JR上越線,浦佐
JR上越線,八色
JR上越線,小出
JR上越線,越後堀之内
JR上越線,北堀之内
JR上越線,越後川口
JR上越線,小千谷
JR上越線,越後滝谷
JR上越線,宮内
JR上越線,長岡
JR上野東京ライン,品川
JR上野東京ライン,新橋
JR上野東京ライン,東京
JR上野東京ライン,上野
JR両毛線,高崎
JR両毛線,高崎問屋町
JR両毛線,井野
JR両毛線,新前橋
JR両毛線,前橋
JR両毛線,前橋大島
JR両毛線,駒形
JR両毛線,伊勢崎
JR両毛線,国定
JR両毛線,岩宿
JR両毛線,桐生
JR両毛線,小俣
JR両毛線,山前
JR両毛線,足利
JR両毛線,あしかがフラワーパーク
JR両毛線,富田
JR両毛線,佐野
JR両毛線,岩舟
JR両毛線,大平下
JR両毛線,栃木
JR両毛線,思川
JR両毛線,小山
JR中央・総武線各駅停車,三鷹
JR中央・総武線各駅停車,吉祥寺
JR中央・総武線各駅停車,西荻窪
JR中央・総武線各駅停車,荻窪
JR中央・総武線各駅停車,阿佐ケ谷
JR中央・総武線各駅停車,高円寺
JR中央・総武線各駅停車,中野
JR中央・総武線各駅停車,東中野
JR中央・総武線各駅停車,大久保
JR中央・総武線各駅停車,新宿
JR中央・総武線各駅停車,代々木
JR中央・総武線各駅停車,千駄ケ谷
JR中央・総武線各駅停車,信濃町
JR中央・総武線各駅停車,四ツ谷
JR中央・総武線各駅停車,市ケ谷
JR中央・総武線各駅停車,飯田橋
JR中央・総武線各駅停車,水道橋
JR中央・総武線各駅停車,御茶ノ水
JR中央・総武線各駅停車,秋葉原
JR中央・総武線各駅停車,浅草橋
JR中央・総武線各駅停車,両国
JR中央・総武線各駅停車,錦糸町
JR中央・総武線各駅停車,亀戸
JR中央・総武線各駅停車,平井
JR中央・総武線各駅停車,新小岩
JR中央・総武線各駅停車,小岩
JR中央・総武線各駅停車,市川
JR中央・総武線各駅停車,本八幡
JR中央・総武線各駅停車,下総中山
JR中央・総武線各駅停車,西船橋
JR中央・総武線各駅停車,船橋
JR中央・総武線各駅停車,東船橋
JR中央・総武線各駅停車,津田沼
JR中央・総武線各駅停車,幕張本郷
JR中央・総武線各駅停車,幕張
JR中央・総武線各駅停車,新検見川
JR中央・総武線各駅停車,稲毛
JR中央・総武線各駅停車,西千葉
JR中央・総武線各駅停車,千葉
JR中央本線,東京
JR中央本線,新宿
JR中央本線,三鷹
JR中央本線,立川
JR中央本線,日野
JR中央本線,豊田
JR中央本線,八王子
JR中央本線,西八王子
JR中央本線,高尾
JR中央本線,相模湖
JR中央本線,藤野
JR中央本線,上野原
JR中央本線,四方津
JR中央本線,梁川
JR中央本線,鳥沢
JR中央本線,猿橋
JR中央本線,大月
JR中央本線,初狩
JR中央本線,笹子
JR中央本線,甲斐大和
JR中央本線,勝沼ぶどう郷
JR中央本線,塩山
JR中央本線,東山梨
JR中央本線,山梨市
JR中央本線,春日居町
JR中央本線,石和温泉
JR中央本線,酒折
JR中央本線,甲府
JR中央本線,竜王
JR中央本線,塩崎
JR中央本線,韮崎
JR中央本線,新府
JR中央本線,穴山
JR中央本線,日野春
JR中央本線,長坂
JR中央本線,小淵沢
JR中央本線,信濃境
JR中央本線,富士見
JR中央本線,すずらんの里
JR中央本線,青柳
JR中央本線,茅野
JR中央本線,上諏訪
JR中央本線,下諏訪
JR中央本線,岡谷
JR中央本線,みどり湖
JR中央本線,塩尻
JR中央線,東京
JR中央線,神田
JR中央線,御茶ノ水
JR中央線,四ツ谷
JR中央線,新宿
JR中央線,中野
JR中央線,高円寺
JR中央線,阿佐ケ谷
JR中央線,荻窪
JR中央線,西荻窪
JR中央線,吉祥寺
JR中央線,三鷹
JR中央線,武蔵境
JR中央線,東小金井
JR中央線,武蔵小金井
JR中央線,国分寺
JR中央線,西国分寺
JR中央線,国立
JR中央線,立川
JR中央線,日野
JR中央線,豊田
JR中央線,八王子
JR中央線,西八王子
JR中央線,高尾
JR久留里線,木更津
JR久留里線,祇園
JR久留里線,上総清川
JR久留里線,東清川
JR久留里線,横田
JR久留里線,東横田
JR久留里線,馬来田
JR久留里線,下郡
JR久留里線,小櫃
JR久留里線,俵田
JR久留里線,久留里
JR久留里線,平山
JR久留里線,上総松丘
JR久留里線,上総亀山
JR五日市線,拝島
JR五日市線,熊川
JR五日市線,東秋留
JR五日市線,秋川
JR五日市線,武蔵引田
JR五日市線,武蔵増戸
JR五日市線,武蔵五日市
JR京浜東北線,大宮
JR京浜東北線,さいたま新都心
JR京浜東北線,与野
JR京浜東北線,北浦和
JR京浜東北線,浦和
JR京浜東北線,南浦和
JR京浜東北線,蕨
JR京浜東北線,西川口
JR京浜東北線,川口
JR京浜東北線,赤羽
JR京浜東北線,東十条
JR京浜東北線,王子
JR京浜東北線,上中里
JR京浜東北線,田端
JR京浜東北線,西日暮里
JR京浜東北線,日暮里
JR京浜東北線,鶯谷
JR京浜東北線,上野
JR京浜東北線,御徒町
JR京浜東北線,秋葉原
JR京浜東北線,神田
JR京浜東北線,東京
JR京浜東北線,有楽町
JR京浜東北線,新橋
JR京浜東北線,浜松町
JR京浜東北線,田町
JR京浜東北線,高輪ゲートウェイ
JR京浜東北線,品川
JR京浜東北線,大井町
JR京浜東北線,大森
JR京浜東北線,蒲田
JR京浜東北線,川崎
JR京浜東北線,鶴見
JR京浜東北線,新子安
JR京浜東北線,東神奈川
JR京浜東北線,横浜
JR京浜東北線,桜木町
JR京浜東北線,関内
JR京浜東北線,石川町
JR京浜東北線,山手
JR京浜東北線,根岸
JR京浜東北線,磯子
JR京浜東北線,新杉田
JR京浜東北線,洋光台
JR京浜東北線,港南台
JR京浜東北線,本郷台
JR京浜東北線,大船
JR京葉線,東京
JR京葉線,八丁堀
JR京葉線,越中島
JR京葉線,潮見
JR京葉線,新木場
JR京葉線,葛西臨海公園
JR京葉線,舞浜
JR京葉線,新浦安
JR京葉線,市川塩浜
JR京葉線,二俣新町
JR京葉線,南船橋
JR京葉線,新習志野
JR京葉線,幕張豊砂（2023年3月18日開業）
JR京葉線,海浜幕張
JR京葉線,検見川浜
JR京葉線,稲毛海岸
JR京葉線,千葉みなと
JR京葉線,蘇我
JR信越本線（群馬県）,高崎
JR信越本線（群馬県）,北高崎
JR信越本線（群馬県）,群馬八幡
JR信越本線（群馬県）,安中
JR信越本線（群馬県）,磯部
JR信越本線（群馬県）,松井田
JR信越本線（群馬県）,西松井田
JR信越本線（群馬県）,横川
JR八高線,八王子
JR八高線,北八王子
JR八高線,小宮
JR八高線,拝島
JR八高線,東福生
JR八高線,箱根ケ崎
JR八高線,金子
JR八高線,東飯能
JR八高線,高麗川
JR八高線,毛呂
JR八高線,越生
JR八高線,明覚
JR八高線,小川町
JR八高線,竹沢
JR八高線,折原
JR八高線,寄居
JR八高線,用土
JR八高線,松久
JR八高線,児玉
JR八高線,丹荘
JR八高線,群馬藤岡
JR八高線,北藤岡
JR八高線,倉賀野
JR八高線,高崎
JR内房線,千葉
JR内房線,本千葉
JR内房線,蘇我
JR内房線,浜野
JR内房線,八幡宿
JR内房線,五井
JR内房線,姉ケ崎
JR内房線,長浦
JR内房線,袖ケ浦
JR内房線,巌根
JR内房線,木更津
JR内房線,君津
JR内房線,青堀
JR内房線,大貫
JR内房線,佐貫町
JR内房線,上総湊
JR内房線,竹岡
JR内房線,浜金谷
JR内房線,保田
JR内房線,安房勝山
JR内房線,岩井
JR内房線,富浦
JR内房線,那古船形
JR内房線,館山
JR内房線,九重
JR内房線,千倉
JR内房線,千歳
JR内房線,南三原
JR内房線,和田浦
JR内房線,江見
JR内房線,太海
JR内房線,安房鴨川
JR南武線,立川
JR南武線,西国立
JR南武線,矢川
JR南武線,谷保
JR南武線,西府
JR南武線,分倍河原
JR南武線,府中本町
JR南武線,南多摩
JR南武線,稲城長沼
JR南武線,矢野口
JR南武線,稲田堤
JR南武線,中野島
JR南武線,登戸
JR南武線,宿河原
JR南武線,久地
JR南武線,津田山
JR南武線,武蔵溝ノ口
JR南武線,武蔵新城
JR南武線,武蔵中原
JR南武線,武蔵小杉
JR南武線,向河原
JR南武線,平間
JR南武線,鹿島田
JR南武線,矢向
JR南武線,尻手
JR南武線,川崎
JR埼京線,川越
JR埼京線,南古谷
JR埼京線,指扇
JR埼京線,日進
JR埼京線,大宮
JR埼京線,北与野
JR埼京線,与野本町
JR埼京線,南与野
JR埼京線,中浦和
JR埼京線,武蔵浦和
JR埼京線,北戸田
JR埼京線,戸田
JR埼京線,戸田公園
JR埼京線,浮間舟渡
JR埼京線,北赤羽
JR埼京線,赤羽
JR埼京線,十条
JR埼京線,板橋
JR埼京線,池袋
JR埼京線,新宿
JR埼京線,渋谷
JR埼京線,恵比寿
JR埼京線,大崎
JR埼京線,西大井
JR埼京線,武蔵小杉
JR埼京線,羽沢横浜国大
JR外房線,千葉
JR外房線,本千葉
JR外房線,蘇我
JR外房線,鎌取
JR外房線,誉田
JR外房線,土気
JR外房線,大網
JR外房線,永田
JR外房線,本納
JR外房線,新茂原
JR外房線,茂原
JR外房線,八積
JR外房線,上総一ノ宮
JR外房線,東浪見
JR外房線,太東
JR外房線,長者町
JR外房線,三門
JR外房線,大原
JR外房線,浪花
JR外房線,御宿
JR外房線,勝浦
JR外房線,鵜原
JR外房線,上総興津
JR外房線,行川アイランド
JR外房線,安房小湊
JR外房線,安房天津
JR外房線,安房鴨川
JR宇都宮線,黒磯
JR宇都宮線,那須塩原
JR宇都宮線,西那須野
JR宇都宮線,野崎
JR宇都宮線,矢板
JR宇都宮線,片岡
JR宇都宮線,蒲須坂
JR宇都宮線,氏家
JR宇都宮線,宝積寺
JR宇都宮線,岡本
JR宇都宮線,宇都宮
JR宇都宮線,雀宮
JR宇都宮線,石橋
JR宇都宮線,自治医大
JR宇都宮線,小金井
JR宇都宮線,小山
JR宇都宮線,間々田
JR宇都宮線,野木
JR宇都宮線,古河
JR宇都宮線,栗橋
JR宇都宮線,東鷲宮
JR宇都宮線,久喜
JR宇都宮線,新白岡
JR宇都宮線,白岡
JR宇都宮線,蓮田
JR宇都宮線,東大宮
JR宇都宮線,土呂
JR宇都宮線,大宮
JR宇都宮線,さいたま新都心
JR宇都宮線,浦和
JR宇都宮線,赤羽
JR宇都宮線,尾久
JR宇都宮線,上野
JR山手線,大崎
JR山手線,五反田
JR山手線,目黒
JR山手線,恵比寿
JR山手線,渋谷
JR山手線,原宿
JR山手線,代々木
JR山手線,新宿
JR山手線,新大久保
JR山手線,高田馬場
JR山手線,目白
JR山手線,池袋
JR山手線,大塚
JR山手線,巣鴨
JR山手線,駒込
JR山手線,田端
JR山手線,西日暮里
JR山手線,日暮里
JR山手線,鶯谷
JR山手線,上野
JR山手線,御徒町
JR山手線,秋葉原
JR山手線,神田
JR山手線,東京
JR山手線,有楽町
JR山手線,新橋
JR山手線,浜松町
JR山手線,田町
JR山手線,高輪ゲートウェイ
JR山手線,品川
JR川越線,大宮
JR川越線,日進
JR川越線,西大宮
JR川越線,指扇
JR川越線,南古谷
JR川越線,川越
JR川越線,西川越
JR川越線,的場
JR川越線,笠幡
JR川越線,武蔵高萩
JR川越線,高麗川
JR常磐線,仙台
JR常磐線,長町
JR常磐線,太子堂
JR常磐線,南仙台
JR常磐線,名取
JR常磐線,館腰
JR常磐線,岩沼
JR常磐線,逢隈
JR常磐線,亘理
JR常磐線,浜吉田
JR常磐線,山下
JR常磐線,坂元
JR常磐線,新地
JR常磐線,駒ケ嶺
JR常磐線,相馬
JR常磐線,日立木
JR常磐線,鹿島
JR常磐線,原ノ町
JR常磐線,磐城太田
JR常磐線,小高
JR常磐線,桃内
JR常磐線,浪江
JR常磐線,双葉
JR常磐線,大野
JR常磐線,夜ノ森
JR常磐線,富岡
JR常磐線,竜田
JR常磐線,木戸
JR常磐線,Jヴィレッジ
JR常磐線,広野
JR常磐線,末続
JR常磐線,久ノ浜
JR常磐線,四ツ倉
JR常磐線,草野
JR常磐線,いわき
JR常磐線,内郷
JR常磐線,湯本
JR常磐線,泉
JR常磐線,植田
JR常磐線,勿来
JR常磐線,大津港
JR常磐線,磯原
JR常磐線,南中郷
JR常磐線,高萩
JR常磐線,十王
JR常磐線,小木津
JR常磐線,日立
JR常磐線,常陸多賀
JR常磐線,大甕
JR常磐線,東海
JR常磐線,佐和
JR常磐線,勝田
JR常磐線,水戸
JR常磐線,偕楽園
JR常磐線,赤塚
JR常磐線,内原
JR常磐線,友部
JR常磐線,岩間
JR常磐線,羽鳥
JR常磐線,石岡
JR常磐線,高浜
JR常磐線,神立
JR常磐線,土浦
JR常磐線,荒川沖
JR常磐線,ひたち野うしく
JR常磐線,牛久
JR常磐線,佐貫
JR常磐線,藤代
JR常磐線,取手
JR常磐線,天王台
JR常磐線,我孫子
JR常磐線,柏
JR常磐線,松戸
JR常磐線,北千住
JR常磐線,南千住
JR常磐線,三河島
JR常磐線,日暮里
JR常磐線,上野
JR常磐線各駅停車,綾瀬
JR常磐線各駅停車,亀有
JR常磐線各駅停車,金町
JR常磐線各駅停車,松戸
JR常磐線各駅停車,北松戸
JR常磐線各駅停車,馬橋
JR常磐線各駅停車,新松戸
JR常磐線各駅停車,北小金
JR常磐線各駅停車,南柏
JR常磐線各駅停車,柏
JR常磐線各駅停車,北柏
JR常磐線各駅停車,我孫子
JR御殿場線,国府津
JR御殿場線,下曽我
JR御殿場線,上大井
JR御殿場線,相模金子
JR御殿場線,松田
JR御殿場線,東山北
JR御殿場線,山北
JR御殿場線,谷峨
JR御殿場線,駿河小山
JR御殿場線,足柄
JR御殿場線,御殿場
JR御殿場線,南御殿場
JR御殿場線,富士岡
JR御殿場線,岩波
JR御殿場線,裾野
JR御殿場線,長泉なめり
JR御殿場線,下土狩
JR御殿場線,大岡
JR御殿場線,沼津
JR成田線,佐倉
JR成田線,酒々井
JR成田線,成田
JR成田線,久住
JR成田線,滑河
JR成田線,下総神崎
JR成田線,大戸
JR成田線,佐原
JR成田線,香取
JR成田線,水郷
JR成田線,小見川
JR成田線,笹川
JR成田線,下総橘
JR成田線,下総豊里
JR成田線,椎柴
JR成田線,松岸
JR成田線,銚子
JR日光線,宇都宮
JR日光線,鶴田
JR日光線,鹿沼
JR日光線,文挟
JR日光線,下野大沢
JR日光線,今市
JR日光線,日光
JR東海道線,東京
JR東海道線,新橋
JR東海道線,品川
JR東海道線,川崎
JR東海道線,横浜
JR東海道線,戸塚
JR東海道線,大船
JR東海道線,藤沢
JR東海道線,辻堂
JR東海道線,茅ケ崎
JR東海道線,平塚
JR東海道線,大磯
JR東海道線,二宮
JR東海道線,国府津
JR東海道線,鴨宮
JR東海道線,小田原
JR東海道線,早川
JR東海道線,根府川
JR東海道線,真鶴
JR東海道線,湯河原
JR東海道線,熱海
JR東金線,大網
JR東金線,福俵
JR東金線,東金
JR東金線,求名
JR東金線,成東
JR根岸線,大船
JR根岸線,本郷台
JR根岸線,港南台
JR根岸線,洋光台
JR根岸線,新杉田
JR根岸線,磯子
JR根岸線,根岸
JR根岸線,山手
JR根岸線,石川町
JR根岸線,関内
JR根岸線,桜木町
JR根岸線,横浜
JR横浜線,八王子
JR横浜線,片倉
JR横浜線,八王子みなみ野
JR横浜線,相原
JR横浜線,橋本
JR横浜線,相模原
JR横浜線,矢部
JR横浜線,淵野辺
JR横浜線,古淵
JR横浜線,町田
JR横浜線,成瀬
JR横浜線,長津田
JR横浜線,十日市場
JR横浜線,中山
JR横浜線,鴨居
JR横浜線,小机
JR横浜線,新横浜
JR横浜線,菊名
JR横浜線,大口
JR横浜線,東神奈川
JR横須賀線,東京
JR横須賀線,新橋
JR横須賀線,品川
JR横須賀線,西大井
JR横須賀線,武蔵小杉
JR横須賀線,新川崎
JR横須賀線,横浜
JR横須賀線,保土ケ谷
JR横須賀線,東戸塚
JR横須賀線,戸塚
JR横須賀線,大船
JR横須賀線,北鎌倉
JR横須賀線,鎌倉
JR横須賀線,逗子
JR横須賀線,東逗子
JR横須賀線,田浦
JR横須賀線,横須賀
JR横須賀線,衣笠
JR横須賀線,久里浜
JR武蔵野線,府中本町
JR武蔵野線,北府中
JR武蔵野線,西国分寺
JR武蔵野線,新小平
JR武蔵野線,新秋津
JR武蔵野線,東所沢
JR武蔵野線,新座
JR武蔵野線,北朝霞
JR武蔵野線,西浦和
JR武蔵野線,武蔵浦和
JR武蔵野線,南浦和
JR武蔵野線,東浦和
JR武蔵野線,東川口
JR武蔵野線,南越谷
JR武蔵野線,越谷レイクタウン
JR武蔵野線,吉川
JR武蔵野線,吉川美南
JR武蔵野線,新三郷
JR武蔵野線,三郷
JR武蔵野線,南流山
JR武蔵野線,新松戸
JR武蔵野線,新八柱
JR武蔵野線,東松戸
JR武蔵野線,市川大野
JR武蔵野線,船橋法典
JR武蔵野線,西船橋
JR水戸線,小山
JR水戸線,小田林
JR水戸線,結城
JR水戸線,東結城
JR水戸線,川島
JR水戸線,玉戸
JR水戸線,下館
JR水戸線,新治
JR水戸線,大和
JR水戸線,岩瀬
JR水戸線,羽黒
JR水戸線,福原
JR水戸線,稲田
JR水戸線,笠間
JR水戸線,宍戸
JR水戸線,友部
JR湘南新宿ライン（宇都宮線・横須賀線）,大宮
JR湘南新宿ライン（宇都宮線・横須賀線）,浦和
JR湘南新宿ライン（宇都宮線・横須賀線）,赤羽
JR湘南新宿ライン（宇都宮線・横須賀線）,池袋
JR湘南新宿ライン（宇都宮線・横須賀線）,新宿
JR湘南新宿ライン（宇都宮線・横須賀線）,渋谷
JR湘南新宿ライン（宇都宮線・横須賀線）,恵比寿
JR湘南新宿ライン（宇都宮線・横須賀線）,大崎
JR湘南新宿ライン（宇都宮線・横須賀線）,西大井駅
JR湘南新宿ライン（宇都宮線・横須賀線）,武蔵小杉
JR湘南新宿ライン（宇都宮線・横須賀線）,新川崎
JR湘南新宿ライン（宇都宮線・横須賀線）,横浜
JR湘南新宿ライン（高崎線・東海道線）,大宮
JR湘南新宿ライン（高崎線・東海道線）,浦和
JR湘南新宿ライン（高崎線・東海道線）,赤羽
JR湘南新宿ライン（高崎線・東海道線）,池袋
JR湘南新宿ライン（高崎線・東海道線）,新宿
JR湘南新宿ライン（高崎線・東海道線）,渋谷
JR湘南新宿ライン（高崎線・東海道線）,恵比寿
JR湘南新宿ライン（高崎線・東海道線）,大崎
JR湘南新宿ライン（高崎線・東海道線）,西大井
JR湘南新宿ライン（高崎線・東海道線）,武蔵小杉
JR湘南新宿ライン（高崎線・東海道線）,新川崎
JR湘南新宿ライン（高崎線・東海道線）,横浜
JR湘南新宿ライン（高崎線・東海道線）,保土ケ谷
JR湘南新宿ライン（高崎線・東海道線）,東戸塚
JR湘南新宿ライン（高崎線・東海道線）,戸塚
JR湘南新宿ライン（高崎線・東海道線）,大船
JR烏山線,宝積寺
JR烏山線,下野花岡
JR烏山線,仁井田
JR烏山線,鴻野山
JR烏山線,大金
JR烏山線,小塙
JR烏山線,滝
JR烏山線,烏山
JR相模線,橋本
JR相模線,南橋本
JR相模線,上溝
JR相模線,番田
JR相模線,原当麻
JR相模線,下溝
JR相模線,相武台下
JR相模線,入谷
JR相模線,海老名
JR相模線,厚木
JR相模線,社家
JR相模線,門沢橋
JR相模線,倉見
JR相模線,宮山
JR相模線,寒川
JR相模線,香川
JR相模線,北茅ケ崎
JR相模線,茅ケ崎
JR総武本線,東京
JR総武本線,新日本橋
JR総武本線,馬喰町
JR総武本線,錦糸町
JR総武本線,新小岩
JR総武本線,市川
JR総武本線,船橋
JR総武本線,津田沼
JR総武本線,稲毛
JR総武本線,千葉
JR総武本線,東千葉
JR総武本線,都賀
JR総武本線,四街道
JR総武本線,物井
JR総武本線,佐倉
JR総武本線,南酒々井
JR総武本線,榎戸
JR総武本線,八街
JR総武本線,日向
JR総武本線,成東
JR総武本線,松尾
JR総武本線,横芝
JR総武本線,飯倉
JR総武本線,八日市場
JR総武本線,干潟
JR総武本線,旭
JR総武本線,飯岡
JR総武本線,倉橋
JR総武本線,猿田
JR総武本線,松岸
JR総武本線,銚子
JR総武線快速,東京
JR総武線快速,新日本橋
JR総武線快速,馬喰町
JR総武線快速,錦糸町
JR総武線快速,新小岩
JR総武線快速,市川
JR総武線快速,船橋
JR総武線快速,津田沼
JR総武線快速,稲毛
JR総武線快速,千葉
JR総武線快速,東千葉
JR総武線快速,都賀
JR総武線快速,四街道
JR総武線快速,物井
JR総武線快速,佐倉
JR総武線快速,南酒々井
JR総武線快速,榎戸
JR総武線快速,八街
JR総武線快速,日向
JR総武線快速,成東
JR総武線快速,松尾
JR総武線快速,横芝
JR総武線快速,飯倉
JR総武線快速,八日市場
JR総武線快速,干潟
JR総武線快速,旭
JR総武線快速,飯岡
JR総武線快速,倉橋
JR総武線快速,猿田
JR総武線快速,松岸
JR総武線快速,銚子
JR青梅線,立川
JR青梅線,西立川
JR青梅線,東中神
JR青梅線,中神
JR青梅線,昭島
JR青梅線,拝島
JR青梅線,牛浜
JR青梅線,福生
JR青梅線,羽村
JR青梅線,小作
JR青梅線,河辺
JR青梅線,東青梅
JR青梅線,青梅
JR青梅線,宮ノ平
JR青梅線,日向和田
JR青梅線,石神前
JR青梅線,二俣尾
JR青梅線,軍畑
JR青梅線,沢井
JR青梅線,御嶽
JR青梅線,川井
JR青梅線,古里
JR青梅線,鳩ノ巣
JR青梅線,白丸
JR青梅線,奥多摩
JR高崎線,高崎
JR高崎線,倉賀野
JR高崎線,新町
JR高崎線,神保原
JR高崎線,本庄
JR高崎線,岡部
JR高崎線,深谷
JR高崎線,籠原
JR高崎線,熊谷
JR高崎線,行田
JR高崎線,吹上
JR高崎線,北鴻巣
JR高崎線,鴻巣
JR高崎線,北本
JR高崎線,桶川
JR高崎線,北上尾
JR高崎線,上尾
JR高崎線,宮原
JR高崎線,大宮
JR高崎線,さいたま新都心
JR高崎線,浦和
JR高崎線,赤羽
JR高崎線,尾久
JR高崎線,上野
JR鶴見線,鶴見
JR鶴見線,国道
JR鶴見線,鶴見小野
JR鶴見線,弁天橋
JR鶴見線,浅野
JR鶴見線,新芝浦
JR鶴見線,海芝浦
JR鶴見線,安善
JR鶴見線,大川
JR鶴見線,武蔵白石
JR鶴見線,浜川崎
JR鶴見線,昭和
JR鶴見線,扇町
JR鹿島線,佐原
JR鹿島線,香取
JR鹿島線,十二橋
JR鹿島線,潮来
JR鹿島線,延方
JR鹿島線,鹿島神宮
JR鹿島線,鹿島サッカースタジアム（臨）
つくばエクスプレス,秋葉原
つくばエクスプレス,新御徒町
つくばエクスプレス,浅草
つくばエクスプレス,南千住
つくばエクスプレス,北千住
つくばエクスプレス,青井
つくばエクスプレス,六町
つくばエクスプレス,八潮
つくばエクスプレス,三郷中央
つくばエクスプレス,南流山
つくばエクスプレス,流山セントラルパーク
つくばエクスプレス,流山おおたかの森
つくばエクスプレス,柏の葉キャンパス
つくばエクスプレス,柏たなか
つくばエクスプレス,守谷
つくばエクスプレス,みらい平
つくばエクスプレス,みどりの
つくばエクスプレス,万博記念公園
つくばエクスプレス,研究学園
つくばエクスプレス,つくば
りんかい線,大崎
りんかい線,大井町
りんかい線,品川シーサイド
りんかい線,天王洲アイル
りんかい線,東京テレポート
りんかい線,国際展示場
りんかい線,東雲
りんかい線,新木場
ディズニーリゾートライン,リゾートゲートウェイ・ステーション
ディズニーリゾートライン,東京ディズニーランド・ステーション
ディズニーリゾートライン,ベイサイド・ステーション
ディズニーリゾートライン,東京ディズニーシー・ステーション
京急久里浜線,堀ノ内
京急久里浜線,新大津
京急久里浜線,北久里浜
京急久里浜線,京急久里浜
京急久里浜線,ＹＲＰ野比
京急久里浜線,京急長沢
京急久里浜線,津久井浜
京急久里浜線,三浦海岸
京急久里浜線,三崎口
京急大師線,京急川崎
京急大師線,港町
京急大師線,鈴木町
京急大師線,川崎大師
京急大師線,東門前
京急大師線,産業道路
京急大師線,小島新田
京急本線,泉岳寺
京急本線,品川
京急本線,北品川
京急本線,新馬場
京急本線,青物横丁
京急本線,鮫洲
京急本線,立会川
京急本線,大森海岸
京急本線,平和島
京急本線,大森町
京急本線,梅屋敷
京急本線,京急蒲田
京急本線,雑色
京急本線,六郷土手
京急本線,京急川崎
京急本線,八丁畷
京急本線,鶴見市場
京急本線,京急鶴見
京急本線,花月園前
京急本線,生麦
京急本線,京急新子安
京急本線,子安
京急本線,神奈川新町
京急本線,仲木戸
京急本線,神奈川
京急本線,横浜
京急本線,戸部
京急本線,日ノ出町
京急本線,黄金町
京急本線,南太田
京急本線,井土ヶ谷
京急本線,弘明寺
京急本線,上大岡
京急本線,屏風浦
京急本線,杉田
京急本線,京急富岡
京急本線,能見台
京急本線,金沢文庫
京急本線,金沢八景
京急本線,追浜
京急本線,京急田浦
京急本線,安針塚
京急本線,逸見
京急本線,汐入
京急本線,横須賀中央
京急本線,県立大学
京急本線,堀ノ内
京急本線,京急大津
京急本線,馬堀海岸
京急本線,浦賀
京急空港線,京急蒲田
京急空港線,糀谷
京急空港線,大鳥居
京急空港線,穴守稲荷
京急空港線,天空橋
京急空港線,羽田空港第3ターミナル
京急空港線,羽田空港第1・第2ターミナル
京急逗子線,金沢八景
京急逗子線,六浦
京急逗子線,神武寺
京急逗子線,新逗子
京成千原線,千葉中央
京成千原線,千葉寺
京成千原線,大森台
京成千原線,学園前
京成千原線,おゆみ野
京成千原線,ちはら台
京成千葉線,京成津田沼
京成千葉線,京成幕張本郷
京成千葉線,京成幕張
京成千葉線,検見川
京成千葉線,京成稲毛
京成千葉線,みどり台
京成千葉線,西登戸
京成千葉線,新千葉
京成千葉線,京成千葉
京成千葉線,千葉中央
京成成田空港線,京成上野
京成成田空港線,日暮里
京成成田空港線,青砥
京成成田空港線,京成高砂
京成成田空港線,東松戸
京成成田空港線,新鎌ヶ谷
京成成田空港線,千葉ニュータウン中央
京成成田空港線,印旛日本医大
京成成田空港線,成田湯川
京成成田空港線,空港第２ビル（第２・第３旅客ターミナル）
京成成田空港線,成田空港（第１旅客ターミナル）
京成押上線,押上（スカイツリー前）
京成押上線,京成曳舟
京成押上線,八広
京成押上線,四ツ木
京成押上線,京成立石
京成押上線,青砥
京成押上線,京成高砂
京成本線,成田空港（第１旅客ターミナル）
京成本線,空港第２ビル（第２・第３旅客ターミナル）
京成本線,京成成田
京成本線,公津の杜
京成本線,宗吾参道
京成本線,京成酒々井
京成本線,大佐倉
京成本線,京成佐倉
京成本線,京成臼井
京成本線,ユーカリが丘
京成本線,志津
京成本線,勝田台
京成本線,京成大和田
京成本線,八千代台
京成本線,実籾
京成本線,京成大久保
京成本線,京成津田沼
京成本線,谷津
京成本線,船橋競馬場
京成本線,大神宮下
京成本線,京成船橋
京成本線,海神
京成本線,京成西船
京成本線,東中山
京成本線,京成中山
京成本線,鬼越
京成本線,京成八幡
京成本線,菅野
京成本線,市川真間
京成本線,国府台
京成本線,江戸川
京成本線,京成小岩
京成本線,京成高砂
京成本線,青砥
京成本線,お花茶屋
京成本線,堀切菖蒲園
京成本線,京成関屋
京成本線,千住大橋
京成本線,町屋
京成本線,新三河島
京成本線,日暮里
京成本線,京成上野
京成金町線,京成高砂
京成金町線,柴又
京成金町線,京成金町
京王井の頭線,渋谷
京王井の頭線,神泉
京王井の頭線,駒場東大前
京王井の頭線,池ノ上
京王井の頭線,下北沢
京王井の頭線,新代田
京王井の頭線,東松原
京王井の頭線,明大前
京王井の頭線,永福町
京王井の頭線,西永福
京王井の頭線,浜田山
京王井の頭線,高井戸
京王井の頭線,富士見ヶ丘
京王井の頭線,久我山
京王井の頭線,三鷹台
京王井の頭線,井の頭公園
京王井の頭線,吉祥寺
京王動物園線,高幡不動
京王動物園線,多摩動物公園
京王相模原線,調布
京王相模原線,京王多摩川
京王相模原線,京王稲田堤
京王相模原線,京王よみうりランド
京王相模原線,稲城
京王相模原線,若葉台
京王相模原線,京王永山
京王相模原線,京王多摩センター
京王相模原線,京王堀之内
京王相模原線,南大沢
京王相模原線,多摩境
京王相模原線,橋本
京王競馬場線,東府中
京王競馬場線,府中競馬正門前
京王線,初台
京王線,幡ヶ谷
京王線,新宿
京王線,笹塚
京王線,代田橋
京王線,明大前
京王線,下高井戸
京王線,桜上水
京王線,上北沢
京王線,八幡山
京王線,芦花公園
京王線,千歳烏山
京王線,仙川
京王線,つつじヶ丘
京王線,柴崎
京王線,国領
京王線,布田
京王線,調布
京王線,西調布
京王線,飛田給
京王線,武蔵野台
京王線,多磨霊園
京王線,東府中
京王線,府中
京王線,分倍河原
京王線,中河原
京王線,聖蹟桜ヶ丘
京王線,百草園
京王線,高幡不動
京王線,南平
京王線,平山城址公園
京王線,長沼
京王線,北野
京王線,京王八王子
京王高尾線,北野
京王高尾線,京王片倉
京王高尾線,山田
京王高尾線,めじろ台
京王高尾線,狭間
京王高尾線,高尾
京王高尾線,高尾山口
北総鉄道北総線,京成高砂
北総鉄道北総線,新柴又
北総鉄道北総線,矢切
北総鉄道北総線,北国分
北総鉄道北総線,秋山
北総鉄道北総線,東松戸
北総鉄道北総線,松飛台
北総鉄道北総線,大町
北総鉄道北総線,新鎌ヶ谷
北総鉄道北総線,西白井
北総鉄道北総線,白井
北総鉄道北総線,小室
北総鉄道北総線,千葉ニュータウン中央
北総鉄道北総線,印西牧の原
北総鉄道北総線,印旛日本医大
千葉モノレール1号線,千葉みなと
千葉モノレール1号線,市役所前
千葉モノレール1号線,千葉
千葉モノレール1号線,栄町
千葉モノレール1号線,葭川公園
千葉モノレール1号線,県庁前
多摩モノレール,上北台
多摩モノレール,桜街道
多摩モノレール,玉川上水
多摩モノレール,砂川七番
多摩モノレール,泉体育館
多摩モノレール,立飛
多摩モノレール,高松
多摩モノレール,立川北
多摩モノレール,立川南
多摩モノレール,柴崎体育館
多摩モノレール,甲州街道
多摩モノレール,万願寺
多摩モノレール,高幡不動
多摩モノレール,程久保
多摩モノレール,多摩動物公園
多摩モノレール,中央大学・明星大学
多摩モノレール,大塚・帝京大学
多摩モノレール,松が谷
多摩モノレール,多摩センター
小田急多摩線,新百合ヶ丘
小田急多摩線,五月台
小田急多摩線,栗平
小田急多摩線,黒川
小田急多摩線,はるひ野
小田急多摩線,小田急永山
小田急多摩線,小田急多摩センター
小田急多摩線,唐木田
小田急小田原線,新宿
小田急小田原線,南新宿
小田急小田原線,参宮橋
小田急小田原線,代々木八幡
小田急小田原線,代々木上原
小田急小田原線,東北沢
小田急小田原線,下北沢
小田急小田原線,世田谷代田
小田急小田原線,梅ヶ丘
小田急小田原線,豪徳寺
小田急小田原線,経堂
小田急小田原線,千歳船橋
小田急小田原線,祖師ヶ谷大蔵
小田急小田原線,成城学園前
小田急小田原線,喜多見
小田急小田原線,狛江
小田急小田原線,和泉多摩川
小田急小田原線,登戸
小田急小田原線,向ヶ丘遊園
小田急小田原線,生田
小田急小田原線,読売ランド前
小田急小田原線,百合ヶ丘
小田急小田原線,新百合ヶ丘
小田急小田原線,柿生
小田急小田原線,鶴川
小田急小田原線,玉川学園前
小田急小田原線,町田
小田急小田原線,相模大野
小田急小田原線,小田急相模原
小田急小田原線,相武台前
小田急小田原線,座間
小田急小田原線,海老名
小田急小田原線,厚木
小田急小田原線,本厚木
小田急小田原線,愛甲石田
小田急小田原線,伊勢原
小田急小田原線,鶴巻温泉
小田急小田原線,東海大学前
小田急小田原線,秦野
小田急小田原線,渋沢
小田急小田原線,新松田
小田急小田原線,開成
小田急小田原線,栢山
小田急小田原線,富水
小田急小田原線,螢田
小田急小田原線,足柄
小田急小田原線,小田原
小田急江ノ島線,相模大野
小田急江ノ島線,東林間
小田急江ノ島線,中央林間
小田急江ノ島線,南林間
小田急江ノ島線,鶴間
小田急江ノ島線,大和
小田急江ノ島線,桜ヶ丘
小田急江ノ島線,高座渋谷
小田急江ノ島線,長後
小田急江ノ島線,湘南台
小田急江ノ島線,六会日大前
小田急江ノ島線,善行
小田急江ノ島線,藤沢本町
小田急江ノ島線,藤沢
小田急江ノ島線,本鵠沼
小田急江ノ島線,鵠沼海岸
小田急江ノ島線,片瀬江ノ島
新京成線,京成津田沼
新京成線,新津田沼
新京成線,前原
新京成線,薬園台
新京成線,習志野
新京成線,北習志野
新京成線,高根木戸
新京成線,高根公団
新京成線,滝不動
新京成線,三咲
新京成線,二和向台
新京成線,鎌ヶ谷大仏
新京成線,初富
新京成線,新鎌ヶ谷
新京成線,北初富
新京成線,くぬぎ山
新京成線,元山
新京成線,五香
新京成線,常盤平
新京成線,八柱
新京成線,みのり台
新京成線,松戸新田
新京成線,上本郷
新京成線,松戸
日暮里・舎人ライナー,見沼代親水公園
日暮里・舎人ライナー,舎人
日暮里・舎人ライナー,舎人公園
日暮里・舎人ライナー,谷在家
日暮里・舎人ライナー,西新井大師西
日暮里・舎人ライナー,江北
日暮里・舎人ライナー,高野
日暮里・舎人ライナー,扇大橋
日暮里・舎人ライナー,足立小台
日暮里・舎人ライナー,熊野前
日暮里・舎人ライナー,赤土小学校前
日暮里・舎人ライナー,西日暮里
日暮里・舎人ライナー,日暮里
東京モノレール,浜松町
東京モノレール,天王洲アイル
東京モノレール,大井競馬場前
東京モノレール,流通センター
東京モノレール,昭和島
東京モノレール,整備場
東京モノレール,天空橋
東京モノレール,羽田空港第3ターミナル
東京モノレール,新整備場
東京モノレール,羽田空港第1ターミナル
東京モノレール,羽田空港第2ターミナル
東急こどもの国線,長津田
東急こどもの国線,恩田
東急こどもの国線,こどもの国
東急世田谷線,三軒茶屋
東急世田谷線,西太子堂
東急世田谷線,若林
東急世田谷線,松陰神社前
東急世田谷線,世田谷
東急世田谷線,上町
東急世田谷線,宮の坂
東急世田谷線,山下
東急世田谷線,松原
東急世田谷線,下高井戸
東急多摩川線,多摩川
東急多摩川線,沼部
東急多摩川線,鵜の木
東急多摩川線,下丸子
東急多摩川線,武蔵新田
東急多摩川線,矢口渡
東急多摩川線,蒲田
東急大井町線,大井町
東急大井町線,下神明
東急大井町線,戸越公園
東急大井町線,中延
東急大井町線,荏原町
東急大井町線,旗の台
東急大井町線,北千束
東急大井町線,大岡山
東急大井町線,緑が丘
東急大井町線,自由が丘
東急大井町線,九品仏
東急大井町線,尾山台
東急大井町線,等々力
東急大井町線,上野毛
東急大井町線,二子玉川
東急大井町線,二子新地
東急大井町線,高津
東急大井町線,溝の口
東急新横浜線,新横浜
東急新横浜線,新綱島
東急新横浜線,日吉
東急東横線,渋谷
東急東横線,代官山
東急東横線,中目黒
東急東横線,祐天寺
東急東横線,学芸大学
東急東横線,都立大学
東急東横線,自由が丘
東急東横線,田園調布
東急東横線,多摩川
東急東横線,新丸子
東急東横線,武蔵小杉
東急東横線,元住吉
東急東横線,日吉
東急東横線,綱島
東急東横線,大倉山
東急東横線,菊名
東急東横線,妙蓮寺
東急東横線,白楽
東急東横線,東白楽
東急東横線,反町
東急東横線,横浜
東急池上線,五反田
東急池上線,大崎広小路
東急池上線,戸越銀座
東急池上線,荏原中延
東急池上線,旗の台
東急池上線,長原
東急池上線,洗足池
東急池上線,石川台
東急池上線,雪が谷大塚
東急池上線,御嶽山
東急池上線,久が原
東急池上線,千鳥町
東急池上線,池上
東急池上線,蓮沼
東急池上線,蒲田
東急田園都市線,渋谷
東急田園都市線,池尻大橋
東急田園都市線,三軒茶屋
東急田園都市線,駒沢大学
東急田園都市線,桜新町
東急田園都市線,用賀
東急田園都市線,二子玉川
東急田園都市線,二子新地
東急田園都市線,高津
東急田園都市線,溝の口
東急田園都市線,梶が谷
東急田園都市線,宮崎台
東急田園都市線,宮前平
東急田園都市線,鷺沼
東急田園都市線,たまプラーザ
東急田園都市線,あざみ野
東急田園都市線,江田
東急田園都市線,市が尾
東急田園都市線,藤が丘
東急田園都市線,青葉台
東急田園都市線,田奈
東急田園都市線,長津田
東急田園都市線,つくし野
東急田園都市線,すずかけ台
東急田園都市線,南町田
東急田園都市線,つきみ野
東急田園都市線,中央林間
東急目黒線,目黒
東急目黒線,不動前
東急目黒線,武蔵小山
東急目黒線,西小山
東急目黒線,洗足
東急目黒線,大岡山
東急目黒線,奥沢
東急目黒線,田園調布
東急目黒線,多摩川
東急目黒線,新丸子
東急目黒線,武蔵小杉
東急目黒線,元住吉
東急目黒線,日吉
東武亀戸線,亀戸
東武亀戸線,亀戸水神
東武亀戸線,東あずま
東武亀戸線,小村井
東武亀戸線,曳舟
東武伊勢崎線,浅草
東武伊勢崎線,とうきょうスカイツリー
東武伊勢崎線,押上〈スカイツリー前〉
東武伊勢崎線,曳舟
東武伊勢崎線,東向島
東武伊勢崎線,鐘ヶ淵
東武伊勢崎線,堀切
東武伊勢崎線,牛田
東武伊勢崎線,北千住
東武伊勢崎線,小菅
東武伊勢崎線,五反野
東武伊勢崎線,梅島
東武伊勢崎線,西新井
東武伊勢崎線,竹ノ塚
東武伊勢崎線,谷塚
東武伊勢崎線,草加
東武伊勢崎線,獨協大学前〈草加松原〉
東武伊勢崎線,新田
東武伊勢崎線,蒲生
東武伊勢崎線,新越谷
東武伊勢崎線,越谷
東武伊勢崎線,北越谷
東武伊勢崎線,大袋
東武伊勢崎線,せんげん台
東武伊勢崎線,武里
東武伊勢崎線,一ノ割
東武伊勢崎線,春日部
東武伊勢崎線,北春日部
東武伊勢崎線,姫宮
東武伊勢崎線,東武動物公園
東武伊勢崎線,和戸
東武伊勢崎線,久喜
東武伊勢崎線,鷲宮
東武伊勢崎線,花崎
東武伊勢崎線,加須
東武伊勢崎線,南羽生
東武伊勢崎線,羽生
東武伊勢崎線,川俣
東武伊勢崎線,茂林寺前
東武伊勢崎線,館林
東武伊勢崎線,多々良
東武伊勢崎線,県
東武伊勢崎線,福居
東武伊勢崎線,東武和泉
東武伊勢崎線,足利市
東武伊勢崎線,野州山辺
東武伊勢崎線,韮川
東武伊勢崎線,太田
東武伊勢崎線,細谷
東武伊勢崎線,木崎
東武伊勢崎線,世良田
東武伊勢崎線,境町
東武伊勢崎線,剛志
東武伊勢崎線,新伊勢崎
東武伊勢崎線,伊勢崎
東武佐野線,館林
東武佐野線,渡瀬
東武佐野線,田島
東武佐野線,佐野市
東武佐野線,佐野
東武佐野線,堀米
東武佐野線,吉水
東武佐野線,田沼
東武佐野線,多田
東武佐野線,葛生
東武大師線,西新井
東武大師線,大師前
東武宇都宮線,栃木
東武宇都宮線,新栃木
東武宇都宮線,野州平川
東武宇都宮線,野州大塚
東武宇都宮線,壬生
東武宇都宮線,国谷
東武宇都宮線,おもちゃのまち
東武宇都宮線,安塚
東武宇都宮線,西川田
東武宇都宮線,江曽島
東武宇都宮線,南宇都宮
東武宇都宮線,東武宇都宮
東武小泉線,館林
東武小泉線,成島
東武小泉線,本中野
東武小泉線,篠塚
東武小泉線,東小泉
東武小泉線,小泉町
東武小泉線,西小泉
東武小泉線,太田
東武小泉線,竜舞
東武日光線,東武動物公園
東武日光線,杉戸高野台
東武日光線,幸手
東武日光線,南栗橋
東武日光線,栗橋
東武日光線,新古河
東武日光線,柳生
東武日光線,板倉東洋大前
東武日光線,藤岡
東武日光線,静和
東武日光線,新大平下
東武日光線,栃木
東武日光線,新栃木
東武日光線,合戦場
東武日光線,家中
東武日光線,東武金崎
東武日光線,楡木
東武日光線,樅山
東武日光線,新鹿沼
東武日光線,北鹿沼
東武日光線,板荷
東武日光線,下小代
東武日光線,明神
東武日光線,下今市
東武日光線,上今市
東武日光線,東武日光
東武東上線,寄居
東武東上線,玉淀
東武東上線,鉢形
東武東上線,男衾
東武東上線,みなみ寄居（2020年10月31日開業）
東武東上線,東武竹沢
東武東上線,小川町
東武東上線,武蔵嵐山
東武東上線,つきのわ
東武東上線,森林公園
東武東上線,東松山
東武東上線,高坂
東武東上線,北坂戸
東武東上線,坂戸
東武東上線,若葉
東武東上線,鶴ヶ島
東武東上線,川越市
東武東上線,川越
東武東上線,新河岸
東武東上線,上福岡
東武東上線,ふじみ野
東武東上線,鶴瀬
東武東上線,みずほ台
東武東上線,柳瀬川
東武東上線,志木
東武東上線,朝霞台
東武東上線,朝霞
東武東上線,和光市
東武東上線,成増
東武東上線,下赤塚
東武東上線,東武練馬
東武東上線,上板橋
東武東上線,ときわ台
東武東上線,中板橋
東武東上線,大山
東武東上線,下板橋
東武東上線,北池袋
東武東上線,池袋
東武桐生線,太田
東武桐生線,三枚橋
東武桐生線,治良門橋
東武桐生線,藪塚
東武桐生線,阿左美
東武桐生線,新桐生
東武桐生線,相老
東武桐生線,赤城
東武越生線,坂戸
東武越生線,一本松
東武越生線,西大家
東武越生線,川角
東武越生線,武州長瀬
東武越生線,東毛呂
東武越生線,武州唐沢
東武越生線,越生
東武野田線,大宮
東武野田線,北大宮
東武野田線,大宮公園
東武野田線,大和田
東武野田線,七里
東武野田線,岩槻
東武野田線,東岩槻
東武野田線,豊春
東武野田線,八木崎
東武野田線,春日部
東武野田線,藤の牛島
東武野田線,南桜井
東武野田線,川間
東武野田線,七光台
東武野田線,清水公園
東武野田線,愛宕
東武野田線,野田市
東武野田線,梅郷
東武野田線,運河
東武野田線,江戸川台
東武野田線,初石
東武野田線,流山おおたかの森
東武野田線,豊四季
東武野田線,柏
東武野田線,新柏
東武野田線,増尾
東武野田線,逆井
東武野田線,高柳
東武野田線,六実
東武野田線,新鎌ヶ谷
東武野田線,鎌ヶ谷
東武野田線,馬込沢
東武野田線,塚田
東武野田線,新船橋
東武野田線,船橋
東武鬼怒川線,下今市
東武鬼怒川線,大谷向
東武鬼怒川線,大桑
東武鬼怒川線,新高徳
東武鬼怒川線,小佐越
東武鬼怒川線,東武ワールドスクウェア
東武鬼怒川線,鬼怒川温泉
東武鬼怒川線,鬼怒川公園
東武鬼怒川線,新藤原
東葉高速線,東葉勝田台
東葉高速線,村上
東葉高速線,八千代中央
東葉高速線,八千代緑が丘
東葉高速線,船橋日大前
東葉高速線,北習志野
東葉高速線,飯山満
東葉高速線,東海神
東葉高速線,西船橋
湘南モノレール,大船
湘南モノレール,富士見町
湘南モノレール,湘南町屋
湘南モノレール,湘南深沢
湘南モノレール,西鎌倉
湘南モノレール,片瀬山
湘南モノレール,目白山下
湘南モノレール,湘南江の島
相鉄いずみ野線,二俣川
相鉄いずみ野線,南万騎が原
相鉄いずみ野線,緑園都市
相鉄いずみ野線,弥生台
相鉄いずみ野線,いずみ野
相鉄いずみ野線,いずみ中央
相鉄いずみ野線,ゆめが丘
相鉄いずみ野線,湘南台
相鉄・JR直通線,羽沢横浜国大
相鉄・JR直通線,西谷
相鉄新横浜線,西谷
相鉄新横浜線,羽沢横浜国大
相鉄新横浜線,新横浜
相鉄本線,横浜
相鉄本線,平沼橋
相鉄本線,西横浜
相鉄本線,天王町
相鉄本線,星川
相鉄本線,和田町
相鉄本線,上星川
相鉄本線,西谷
相鉄本線,鶴ケ峰
相鉄本線,二俣川
相鉄本線,希望ヶ丘
相鉄本線,三ツ境
相鉄本線,瀬谷
相鉄本線,大和
相鉄本線,相模大塚
相鉄本線,さがみ野
相鉄本線,かしわ台
相鉄本線,海老名
芝山鉄道,東成田
芝山鉄道,芝山千代田
西武国分寺線,国分寺
西武国分寺線,恋ヶ窪
西武国分寺線,鷹の台
西武国分寺線,小川
西武国分寺線,東村山
西武多摩川線,武蔵境
西武多摩川線,新小金井
西武多摩川線,多磨
西武多摩川線,白糸台
西武多摩川線,競艇場前
西武多摩川線,是政
西武多摩湖線,国分寺
西武多摩湖線,一橋学園
西武多摩湖線,青梅街道
西武多摩湖線,萩山
西武多摩湖線,八坂
西武多摩湖線,武蔵大和
西武多摩湖線,多摩湖
西武山口線,多摩湖
西武山口線,西武園ゆうえんち
西武山口線,西武球場前
西武拝島線,小平
西武拝島線,萩山
西武拝島線,小川
西武拝島線,東大和市
西武拝島線,玉川上水
西武拝島線,武蔵砂川
西武拝島線,西武立川
西武拝島線,拝島
西武新宿線,西武新宿
西武新宿線,高田馬場
西武新宿線,下落合
西武新宿線,中井
西武新宿線,新井薬師前
西武新宿線,沼袋
西武新宿線,野方
西武新宿線,都立家政
西武新宿線,鷺ノ宮
西武新宿線,下井草
西武新宿線,井荻
西武新宿線,上井草
西武新宿線,上石神井
西武新宿線,武蔵関
西武新宿線,東伏見
西武新宿線,西武柳沢
西武新宿線,田無
西武新宿線,花小金井
西武新宿線,小平
西武新宿線,久米川
西武新宿線,東村山
西武新宿線,所沢
西武新宿線,航空公園
西武新宿線,新所沢
西武新宿線,入曽
西武新宿線,狭山市
西武新宿線,新狭山
西武新宿線,南大塚
西武新宿線,本川越
西武有楽町線,小竹向原
西武有楽町線,新桜台
西武有楽町線,練馬
西武池袋線,池袋
西武池袋線,椎名町
西武池袋線,東長崎
西武池袋線,江古田
西武池袋線,桜台
西武池袋線,練馬
西武池袋線,中村橋
西武池袋線,富士見台
西武池袋線,練馬高野台
西武池袋線,石神井公園
西武池袋線,大泉学園
西武池袋線,保谷
西武池袋線,ひばりヶ丘
西武池袋線,東久留米
西武池袋線,清瀬
西武池袋線,秋津
西武池袋線,所沢
西武池袋線,西所沢
西武池袋線,小手指
西武池袋線,狭山ヶ丘
西武池袋線,武蔵藤沢
西武池袋線,稲荷山公園
西武池袋線,入間市
西武池袋線,仏子
西武池袋線,元加治
西武池袋線,飯能
西武池袋線,東飯能
西武池袋線,高麗
西武池袋線,武蔵横手
西武池袋線,東吾野
西武池袋線,吾野
西武狭山線,西所沢
西武狭山線,下山口
西武狭山線,西武球場前
西武秩父線,飯能
西武秩父線,東飯能
西武秩父線,高麗
西武秩父線,武蔵横手
西武秩父線,東吾野
西武秩父線,吾野
西武秩父線,西吾野
西武秩父線,正丸
西武秩父線,芦ヶ久保
西武秩父線,横瀬
西武秩父線,西武秩父
西武西武園線,東村山
西武西武園線,西武園
西武豊島線,練馬
西武豊島線,豊島園
都電荒川線,三ノ輪橋
都電荒川線,荒川一中前
都電荒川線,荒川区役所前
都電荒川線,荒川二丁目
都電荒川線,荒川七丁目
都電荒川線,町屋駅前
都電荒川線,町屋二丁目
都電荒川線,東尾久三丁目
都電荒川線,熊野前
都電荒川線,宮ノ前
都電荒川線,小台
都電荒川線,荒川遊園地前
都電荒川線,荒川車庫前
都電荒川線,梶原
都電荒川線,栄町
都電荒川線,王子駅前
都電荒川線,飛鳥山
都電荒川線,滝野川一丁目
都電荒川線,西ヶ原四丁目
都電荒川線,新庚申塚
都電荒川線,庚申塚
都電荒川線,巣鴨新田
都電荒川線,大塚駅前
都電荒川線,向原
都電荒川線,東池袋四丁目
都電荒川線,都電雑司ヶ谷
都電荒川線,鬼子母神前
都電荒川線,学習院下
都電荒川線,面影橋
都電荒川線,早稲田（都電）
金沢シーサイドライン,新杉田
金沢シーサイドライン,南部市場
金沢シーサイドライン,鳥浜
金沢シーサイドライン,並木北
金沢シーサイドライン,並木中央
金沢シーサイドライン,幸浦
金沢シーサイドライン,産業振興センター
金沢シーサイドライン,福浦
金沢シーサイドライン,市大医学部
金沢シーサイドライン,八景島
金沢シーサイドライン,海の公園柴口
金沢シーサイドライン,海の公園南口
金沢シーサイドライン,野島公園
金沢シーサイドライン,金沢八景
みなとみらい線,横浜
みなとみらい線,新高島
みなとみらい線,みなとみらい
みなとみらい線,馬車道
みなとみらい線,日本大通り
みなとみらい線,元町・中華街
埼玉高速鉄道線,浦和美園
埼玉高速鉄道線,東川口
埼玉高速鉄道線,戸塚安行
埼玉高速鉄道線,新井宿
埼玉高速鉄道線,鳩ヶ谷
埼玉高速鉄道線,南鳩ヶ谷
埼玉高速鉄道線,川口元郷
埼玉高速鉄道線,赤羽岩淵
東京メトロ丸ノ内線,池袋
東京メトロ丸ノ内線,新大塚
東京メトロ丸ノ内線,茗荷谷
東京メトロ丸ノ内線,後楽園
東京メトロ丸ノ内線,本郷三丁目
東京メトロ丸ノ内線,御茶ノ水
東京メトロ丸ノ内線,淡路町
東京メトロ丸ノ内線,大手町
東京メトロ丸ノ内線,東京
東京メトロ丸ノ内線,銀座
東京メトロ丸ノ内線,霞ケ関
東京メトロ丸ノ内線,国会議事堂前
東京メトロ丸ノ内線,赤坂見附
東京メトロ丸ノ内線,四ツ谷
東京メトロ丸ノ内線,四谷三丁目
東京メトロ丸ノ内線,新宿御苑前
東京メトロ丸ノ内線,新宿三丁目
東京メトロ丸ノ内線,新宿
東京メトロ丸ノ内線,西新宿
東京メトロ丸ノ内線,中野坂上
東京メトロ丸ノ内線,新中野
東京メトロ丸ノ内線,東高円寺
東京メトロ丸ノ内線,新高円寺
東京メトロ丸ノ内線,南阿佐ケ谷
東京メトロ丸ノ内線,荻窪
東京メトロ副都心線,和光市
東京メトロ副都心線,地下鉄成増
東京メトロ副都心線,地下鉄赤塚
東京メトロ副都心線,平和台
東京メトロ副都心線,氷川台
東京メトロ副都心線,小竹向原
東京メトロ副都心線,千川
東京メトロ副都心線,要町
東京メトロ副都心線,池袋
東京メトロ副都心線,雑司が谷
東京メトロ副都心線,西早稲田
東京メトロ副都心線,東新宿
東京メトロ副都心線,新宿三丁目
東京メトロ副都心線,北参道
東京メトロ副都心線,明治神宮前〈原宿〉
東京メトロ副都心線,渋谷
東京メトロ千代田線,北綾瀬
東京メトロ千代田線,綾瀬
東京メトロ千代田線,北千住
東京メトロ千代田線,町屋
東京メトロ千代田線,西日暮里
東京メトロ千代田線,千駄木
東京メトロ千代田線,根津
東京メトロ千代田線,湯島
東京メトロ千代田線,新御茶ノ水
東京メトロ千代田線,大手町
東京メトロ千代田線,二重橋前〈丸の内〉
東京メトロ千代田線,日比谷
東京メトロ千代田線,霞ケ関
東京メトロ千代田線,国会議事堂前
東京メトロ千代田線,赤坂
東京メトロ千代田線,乃木坂
東京メトロ千代田線,表参道
東京メトロ千代田線,明治神宮前〈原宿〉
東京メトロ千代田線,代々木公園
東京メトロ千代田線,代々木上原
東京メトロ半蔵門線,渋谷
東京メトロ半蔵門線,表参道
東京メトロ半蔵門線,青山一丁目
東京メトロ半蔵門線,永田町
東京メトロ半蔵門線,半蔵門
東京メトロ半蔵門線,九段下
東京メトロ半蔵門線,神保町
東京メトロ半蔵門線,大手町
東京メトロ半蔵門線,三越前
東京メトロ半蔵門線,水天宮前
東京メトロ半蔵門線,清澄白河
東京メトロ半蔵門線,住吉
東京メトロ半蔵門線,錦糸町
東京メトロ半蔵門線,押上〈スカイツリー前〉
東京メトロ南北線,赤羽岩淵
東京メトロ南北線,志茂
東京メトロ南北線,王子神谷
東京メトロ南北線,王子
東京メトロ南北線,西ケ原
東京メトロ南北線,駒込
東京メトロ南北線,本駒込
東京メトロ南北線,東大前
東京メトロ南北線,後楽園
東京メトロ南北線,飯田橋
東京メトロ南北線,市ケ谷
東京メトロ南北線,四ツ谷
東京メトロ南北線,永田町
東京メトロ南北線,溜池山王
東京メトロ南北線,六本木一丁目
東京メトロ南北線,麻布十番
東京メトロ南北線,白金高輪
東京メトロ南北線,白金台
東京メトロ南北線,目黒
東京メトロ日比谷線,小伝馬町
東京メトロ日比谷線,北千住
東京メトロ日比谷線,南千住
東京メトロ日比谷線,三ノ輪
東京メトロ日比谷線,入谷
東京メトロ日比谷線,上野
東京メトロ日比谷線,仲御徒町
東京メトロ日比谷線,秋葉原
東京メトロ日比谷線,人形町
東京メトロ日比谷線,茅場町
東京メトロ日比谷線,八丁堀
東京メトロ日比谷線,築地
東京メトロ日比谷線,東銀座
東京メトロ日比谷線,銀座
東京メトロ日比谷線,日比谷
東京メトロ日比谷線,霞ケ関
東京メトロ日比谷線,虎ノ門ヒルズ
東京メトロ日比谷線,神谷町
東京メトロ日比谷線,六本木
東京メトロ日比谷線,広尾
東京メトロ日比谷線,恵比寿
東京メトロ日比谷線,中目黒
東京メトロ有楽町線,和光市
東京メトロ有楽町線,地下鉄成増
東京メトロ有楽町線,地下鉄赤塚
東京メトロ有楽町線,平和台
東京メトロ有楽町線,氷川台
東京メトロ有楽町線,小竹向原
東京メトロ有楽町線,千川
東京メトロ有楽町線,要町
東京メトロ有楽町線,池袋
東京メトロ有楽町線,東池袋
東京メトロ有楽町線,護国寺
東京メトロ有楽町線,江戸川橋
東京メトロ有楽町線,飯田橋
東京メトロ有楽町線,市ケ谷
東京メトロ有楽町線,麹町
東京メトロ有楽町線,永田町
東京メトロ有楽町線,桜田門
東京メトロ有楽町線,有楽町
東京メトロ有楽町線,銀座一丁目
東京メトロ有楽町線,新富町
東京メトロ有楽町線,月島
東京メトロ有楽町線,豊洲
東京メトロ有楽町線,辰巳
東京メトロ有楽町線,新木場
東京メトロ東西線,西船橋
東京メトロ東西線,原木中山
東京メトロ東西線,妙典
東京メトロ東西線,行徳
東京メトロ東西線,南行徳
東京メトロ東西線,浦安
東京メトロ東西線,葛西
東京メトロ東西線,西葛西
東京メトロ東西線,南砂町
東京メトロ東西線,東陽町
東京メトロ東西線,木場
東京メトロ東西線,門前仲町
東京メトロ東西線,茅場町
東京メトロ東西線,日本橋
東京メトロ東西線,大手町
東京メトロ東西線,竹橋
東京メトロ東西線,九段下
東京メトロ東西線,飯田橋
東京メトロ東西線,神楽坂
東京メトロ東西線,早稲田
東京メトロ東西線,高田馬場
東京メトロ東西線,落合
東京メトロ東西線,中野
東京メトロ東西線,高円寺
東京メトロ東西線,阿佐ケ谷
東京メトロ東西線,荻窪
東京メトロ東西線,西荻窪
東京メトロ東西線,吉祥寺
東京メトロ東西線,三鷹
東京メトロ銀座線,浅草
東京メトロ銀座線,田原町
東京メトロ銀座線,稲荷町
東京メトロ銀座線,上野
東京メトロ銀座線,上野広小路
東京メトロ銀座線,末広町
東京メトロ銀座線,神田
東京メトロ銀座線,三越前
東京メトロ銀座線,日本橋
東京メトロ銀座線,京橋
東京メトロ銀座線,銀座
東京メトロ銀座線,新橋
東京メトロ銀座線,虎ノ門
東京メトロ銀座線,溜池山王
東京メトロ銀座線,赤坂見附
東京メトロ銀座線,青山一丁目
東京メトロ銀座線,外苑前
東京メトロ銀座線,表参道
東京メトロ銀座線,渋谷
横浜市営地下鉄グリーンライン,中山
横浜市営地下鉄グリーンライン,川和町
横浜市営地下鉄グリーンライン,都筑ふれあいの丘
横浜市営地下鉄グリーンライン,センター南
横浜市営地下鉄グリーンライン,センター北
横浜市営地下鉄グリーンライン,北山田
横浜市営地下鉄グリーンライン,東山田
横浜市営地下鉄グリーンライン,高田
横浜市営地下鉄グリーンライン,日吉本町
横浜市営地下鉄グリーンライン,日吉
横浜市営地下鉄ブルーライン,湘南台
横浜市営地下鉄ブルーライン,下飯田
横浜市営地下鉄ブルーライン,立場
横浜市営地下鉄ブルーライン,中田
横浜市営地下鉄ブルーライン,踊場
横浜市営地下鉄ブルーライン,戸塚
横浜市営地下鉄ブルーライン,舞岡
横浜市営地下鉄ブルーライン,下永谷
横浜市営地下鉄ブルーライン,上永谷
横浜市営地下鉄ブルーライン,港南中央
横浜市営地下鉄ブルーライン,上大岡
横浜市営地下鉄ブルーライン,弘明寺
横浜市営地下鉄ブルーライン,蒔田
横浜市営地下鉄ブルーライン,吉野町
横浜市営地下鉄ブルーライン,阪東橋
横浜市営地下鉄ブルーライン,伊勢佐木長者町
横浜市営地下鉄ブルーライン,関内
横浜市営地下鉄ブルーライン,桜木町
横浜市営地下鉄ブルーライン,高島町
横浜市営地下鉄ブルーライン,横浜
横浜市営地下鉄ブルーライン,三ツ沢下町
横浜市営地下鉄ブルーライン,三ツ沢上町
横浜市営地下鉄ブルーライン,片倉町
横浜市営地下鉄ブルーライン,岸根公園
横浜市営地下鉄ブルーライン,新横浜
横浜市営地下鉄ブルーライン,北新横浜
横浜市営地下鉄ブルーライン,新羽
横浜市営地下鉄ブルーライン,仲町台
横浜市営地下鉄ブルーライン,センター南
横浜市営地下鉄ブルーライン,センター北
横浜市営地下鉄ブルーライン,中川
横浜市営地下鉄ブルーライン,あざみ野
都営三田線,西高島平
都営三田線,新高島平
都営三田線,高島平
都営三田線,西台
都営三田線,蓮根
都営三田線,志村三丁目
都営三田線,志村坂上
都営三田線,本蓮沼
都営三田線,板橋本町
都営三田線,板橋区役所前
都営三田線,新板橋
都営三田線,西巣鴨
都営三田線,巣鴨
都営三田線,千石
都営三田線,白山
都営三田線,春日
都営三田線,水道橋
都営三田線,神保町
都営三田線,大手町
都営三田線,日比谷
都営三田線,内幸町
都営三田線,御成門
都営三田線,芝公園
都営三田線,三田
都営三田線,白金高輪
都営三田線,白金台
都営三田線,目黒
都営大江戸線,都庁前
都営大江戸線,新宿西口
都営大江戸線,東新宿
都営大江戸線,若松河田
都営大江戸線,牛込柳町
都営大江戸線,牛込神楽坂
都営大江戸線,飯田橋
都営大江戸線,春日
都営大江戸線,本郷三丁目
都営大江戸線,上野御徒町
都営大江戸線,新御徒町
都営大江戸線,蔵前
都営大江戸線,両国
都営大江戸線,森下
都営大江戸線,清澄白河
都営大江戸線,門前仲町
都営大江戸線,月島
都営大江戸線,勝どき
都営大江戸線,築地市場
都営大江戸線,汐留
都営大江戸線,大門
都営大江戸線,赤羽橋
都営大江戸線,麻布十番
都営大江戸線,六本木
都営大江戸線,青山一丁目
都営大江戸線,国立競技場
都営大江戸線,代々木
都営大江戸線,新宿
都営大江戸線,西新宿五丁目
都営大江戸線,中野坂上
都営大江戸線,東中野
都営大江戸線,中井
都営大江戸線,落合南長崎
都営大江戸線,新江古田
都営大江戸線,練馬
都営大江戸線,豊島園
都営大江戸線,練馬春日町
都営大江戸線,光が丘
都営新宿線,本八幡
都営新宿線,篠崎
都営新宿線,瑞江
都営新宿線,一之江
都営新宿線,船堀
都営新宿線,東大島
都営新宿線,大島
都営新宿線,西大島
都営新宿線,住吉
都営新宿線,菊川
都営新宿線,森下
都営新宿線,浜町
都営新宿線,馬喰横山
都営新宿線,岩本町
都営新宿線,小川町
都営新宿線,神保町
都営新宿線,九段下
都営新宿線,市ヶ谷
都営新宿線,曙橋
都営新宿線,新宿三丁目
都営新宿線,新宿
都営浅草線,押上（スカイツリー前）
都営浅草線,本所吾妻橋
都営浅草線,浅草
都営浅草線,蔵前
都営浅草線,浅草橋
都営浅草線,東日本橋
都営浅草線,人形町
都営浅草線,日本橋
都営浅草線,宝町
都営浅草線,東銀座
都営浅草線,新橋
都営浅草線,大門
都営浅草線,三田
都営浅草線,泉岳寺
都営浅草線,高輪台
都営浅草線,五反田
都営浅草線,戸越
都営浅草線,中延
都営浅草線,馬込
都営浅草線,西馬込
いすみ鉄道いすみ線,大原
いすみ鉄道いすみ線,西大原
いすみ鉄道いすみ線,上総東
いすみ鉄道いすみ線,新田野
いすみ鉄道いすみ線,国吉
いすみ鉄道いすみ線,上総中川
いすみ鉄道いすみ線,城見ヶ丘
いすみ鉄道いすみ線,大多喜
いすみ鉄道いすみ線,小谷松
いすみ鉄道いすみ線,東総元
いすみ鉄道いすみ線,久我原
いすみ鉄道いすみ線,総元
いすみ鉄道いすみ線,西畑
いすみ鉄道いすみ線,上総中野
ひたちなか海浜鉄道湊線,勝田
ひたちなか海浜鉄道湊線,日工前
ひたちなか海浜鉄道湊線,金上
ひたちなか海浜鉄道湊線,中根
ひたちなか海浜鉄道湊線,那珂湊
ひたちなか海浜鉄道湊線,殿山
ひたちなか海浜鉄道湊線,平磯
ひたちなか海浜鉄道湊線,美乃浜学園
ひたちなか海浜鉄道湊線,磯崎
ひたちなか海浜鉄道湊線,阿字ヶ浦
わたらせ渓谷鐵道,桐生
わたらせ渓谷鐵道,下新田
わたらせ渓谷鐵道,相老
わたらせ渓谷鐵道,運動公園
わたらせ渓谷鐵道,大間々
わたらせ渓谷鐵道,上神梅
わたらせ渓谷鐵道,本宿
わたらせ渓谷鐵道,水沼
わたらせ渓谷鐵道,花輪
わたらせ渓谷鐵道,中野
わたらせ渓谷鐵道,小中
わたらせ渓谷鐵道,神戸
わたらせ渓谷鐵道,沢入
わたらせ渓谷鐵道,原向
わたらせ渓谷鐵道,通洞
わたらせ渓谷鐵道,足尾
わたらせ渓谷鐵道,間藤
上信電鉄上信線,高崎
上信電鉄上信線,南高崎
上信電鉄上信線,根小屋
上信電鉄上信線,高崎商科大学前
上信電鉄上信線,山名
上信電鉄上信線,西山名
上信電鉄上信線,馬庭
上信電鉄上信線,吉井
上信電鉄上信線,西吉井
上信電鉄上信線,上州新屋
上信電鉄上信線,上州福島
上信電鉄上信線,東富岡
上信電鉄上信線,上州富岡
上信電鉄上信線,西富岡
上信電鉄上信線,上州七日市
上信電鉄上信線,上州一ノ宮
上信電鉄上信線,神農原
上信電鉄上信線,南蛇井
上信電鉄上信線,千平
上信電鉄上信線,下仁田
上毛電気鉄道上毛線,中央前橋
上毛電気鉄道上毛線,城東
上毛電気鉄道上毛線,三俣
上毛電気鉄道上毛線,片貝
上毛電気鉄道上毛線,上泉
上毛電気鉄道上毛線,赤坂
上毛電気鉄道上毛線,心臓血管センター
上毛電気鉄道上毛線,江木
上毛電気鉄道上毛線,大胡
上毛電気鉄道上毛線,樋越
上毛電気鉄道上毛線,北原
上毛電気鉄道上毛線,新屋
上毛電気鉄道上毛線,粕川
上毛電気鉄道上毛線,膳
上毛電気鉄道上毛線,新里
上毛電気鉄道上毛線,新川
上毛電気鉄道上毛線,東新川
上毛電気鉄道上毛線,赤城
上毛電気鉄道上毛線,桐生球場前
上毛電気鉄道上毛線,天王宿
上毛電気鉄道上毛線,富士山下
上毛電気鉄道上毛線,丸山下
上毛電気鉄道上毛線,西桐生
伊豆箱根鉄道大雄山線,小田原
伊豆箱根鉄道大雄山線,緑町
伊豆箱根鉄道大雄山線,井細田
伊豆箱根鉄道大雄山線,五百羅漢
伊豆箱根鉄道大雄山線,穴部
伊豆箱根鉄道大雄山線,飯田岡
伊豆箱根鉄道大雄山線,相模沼田
伊豆箱根鉄道大雄山線,岩原
伊豆箱根鉄道大雄山線,塚原
伊豆箱根鉄道大雄山線,和田河原
伊豆箱根鉄道大雄山線,富士フイルム前
伊豆箱根鉄道大雄山線,大雄山
富士急行線,大月
富士急行線,上大月
富士急行線,田野倉
富士急行線,禾生
富士急行線,赤坂
富士急行線,都留市
富士急行線,谷村町
富士急行線,都留文科大学前
富士急行線,十日市場
富士急行線,東桂
富士急行線,三つ峠
富士急行線,寿
富士急行線,葭池温泉前
富士急行線,下吉田
富士急行線,月江寺
富士急行線,富士山
富士急行線,富士急ハイランド
富士急行線,河口湖
小湊鉄道,五井
小湊鉄道,上総村上
小湊鉄道,海士有木
小湊鉄道,上総三又
小湊鉄道,上総山田
小湊鉄道,光風台
小湊鉄道,馬立
小湊鉄道,上総牛久
小湊鉄道,上総川間
小湊鉄道,上総鶴舞
小湊鉄道,上総久保
小湊鉄道,高滝
小湊鉄道,里見
小湊鉄道,飯給
小湊鉄道,月崎
小湊鉄道,上総大久保
小湊鉄道,養老渓谷
小湊鉄道,上総中野
江ノ電,藤沢
江ノ電,石上
江ノ電,柳小路
江ノ電,鵠沼
江ノ電,湘南海岸公園
江ノ電,江ノ島
江ノ電,腰越
江ノ電,鎌倉高校前
江ノ電,七里ヶ浜
江ノ電,稲村ヶ崎
江ノ電,極楽寺
江ノ電,長谷
江ノ電,由比ヶ浜
江ノ電,和田塚
江ノ電,鎌倉
流鉄流山線,馬橋
流鉄流山線,幸谷
流鉄流山線,小金城趾
流鉄流山線,鰭ヶ崎
流鉄流山線,平和台
流鉄流山線,流山
真岡鐵道真岡線,下館
真岡鐵道真岡線,下館二高前
真岡鐵道真岡線,折本
真岡鐵道真岡線,ひぐち
真岡鐵道真岡線,久下田
真岡鐵道真岡線,寺内
真岡鐵道真岡線,真岡
真岡鐵道真岡線,北真岡
真岡鐵道真岡線,西田井
真岡鐵道真岡線,北山
真岡鐵道真岡線,益子
真岡鐵道真岡線,七井
真岡鐵道真岡線,多田羅
真岡鐵道真岡線,市塙
真岡鐵道真岡線,笹原田
真岡鐵道真岡線,天矢場
真岡鐵道真岡線,茂木
秩父鉄道,羽生
秩父鉄道,西羽生
秩父鉄道,新郷
秩父鉄道,武州荒木
秩父鉄道,東行田
秩父鉄道,行田市
秩父鉄道,持田
秩父鉄道,熊谷
秩父鉄道,上熊谷
秩父鉄道,石原
秩父鉄道,ひろせ野鳥の森
秩父鉄道,大麻生
秩父鉄道,明戸
秩父鉄道,武川
秩父鉄道,永田
秩父鉄道,小前田
秩父鉄道,桜沢
秩父鉄道,寄居
秩父鉄道,波久礼
秩父鉄道,樋口
秩父鉄道,野上
秩父鉄道,長瀞
秩父鉄道,上長瀞
秩父鉄道,親鼻
秩父鉄道,皆野
秩父鉄道,和銅黒谷
秩父鉄道,大野原
秩父鉄道,秩父
秩父鉄道,御花畑
秩父鉄道,影森
秩父鉄道,浦山口
秩父鉄道,武州中川
秩父鉄道,武州日野
秩父鉄道,白久
秩父鉄道,三峰口
箱根登山鉄道,小田原
箱根登山鉄道,箱根板橋
箱根登山鉄道,風祭
箱根登山鉄道,入生田
箱根登山鉄道,箱根湯本
箱根登山鉄道,塔ノ沢
箱根登山鉄道,大平台
箱根登山鉄道,宮ノ下
箱根登山鉄道,小涌谷
箱根登山鉄道,彫刻の森
箱根登山鉄道,強羅
野岩鉄道会津鬼怒川線,新藤原
野岩鉄道会津鬼怒川線,龍王峡
野岩鉄道会津鬼怒川線,川治温泉
野岩鉄道会津鬼怒川線,川治湯元
野岩鉄道会津鬼怒川線,湯西川温泉
野岩鉄道会津鬼怒川線,中三依温泉
野岩鉄道会津鬼怒川線,上三依塩原温泉口
野岩鉄道会津鬼怒川線,男鹿高原
野岩鉄道会津鬼怒川線,会津高原尾瀬口
銚子電鉄,銚子
銚子電鉄,仲ノ町
銚子電鉄,観音
銚子電鉄,本銚子
銚子電鉄,笠上黒生
銚子電鉄,西海鹿島
銚子電鉄,海鹿島
銚子電鉄,君ヶ浜
銚子電鉄,犬吠
銚子電鉄,外川
関東鉄道常総線,取手
関東鉄道常総線,西取手
関東鉄道常総線,寺原
関東鉄道常総線,新取手
関東鉄道常総線,ゆめみ野
関東鉄道常総線,稲戸井
関東鉄道常総線,戸頭
関東鉄道常総線,南守谷
関東鉄道常総線,守谷
関東鉄道常総線,新守谷
関東鉄道常総線,小絹
関東鉄道常総線,水海道
関東鉄道常総線,北水海道
関東鉄道常総線,中妻
関東鉄道常総線,三妻
関東鉄道常総線,南石下
関東鉄道常総線,石下
関東鉄道常総線,玉村
関東鉄道常総線,宗道
関東鉄道常総線,下妻
関東鉄道常総線,大宝
関東鉄道常総線,黒子
関東鉄道常総線,大田郷
関東鉄道常総線,下館
鹿島臨海鉄道大洗鹿島線,水戸
鹿島臨海鉄道大洗鹿島線,東水戸
鹿島臨海鉄道大洗鹿島線,常澄
鹿島臨海鉄道大洗鹿島線,大洗
鹿島臨海鉄道大洗鹿島線,涸沼
鹿島臨海鉄道大洗鹿島線,鹿島旭
鹿島臨海鉄道大洗鹿島線,徳宿
鹿島臨海鉄道大洗鹿島線,新鉾田
鹿島臨海鉄道大洗鹿島線,北浦湖畔
鹿島臨海鉄道大洗鹿島線,大洋
鹿島臨海鉄道大洗鹿島線,鹿島灘
鹿島臨海鉄道大洗鹿島線,鹿島大野
鹿島臨海鉄道大洗鹿島線,長者ヶ浜潮騒はまなす公園前
鹿島臨海鉄道大洗鹿島線,荒野台
鹿島臨海鉄道大洗鹿島線,鹿島サッカースタジアム（臨）
鹿島臨海鉄道大洗鹿島線,鹿島神宮
